Timestamp,AirQualityStationEoICode,AveragingTime,PM10,PM2.5
2013-01-01 23:00:00,DESN025,day,34.72,23.01
2013-01-02 23:00:00,DESN025,day,15.82,9.06
2013-01-03 23:00:00,DESN025,day,11.31,7.85
2013-01-04 23:00:00,DESN025,day,17.18,10.78
2013-01-05 23:00:00,DESN025,day,7.29,5.3
2013-01-06 23:00:00,DESN025,day,9.13,6.79
2013-01-07 23:00:00,DESN025,day,16.84,8.29
2013-01-08 23:00:00,DESN025,day,32.49,22.37
2013-01-09 23:00:00,DESN025,day,19.35,15.53
2013-01-10 23:00:00,DESN025,day,15.89,8.48
2013-01-11 23:00:00,DESN025,day,12.35,8.09
2013-01-12 23:00:00,DESN025,day,19.62,13.45
2013-01-13 23:00:00,DESN025,day,24.46,19.12
2013-01-14 23:00:00,DESN025,day,43.79,32.98
2013-01-15 23:00:00,DESN025,day,46.21,37.72
2013-01-16 23:00:00,DESN025,day,71.72,59.19
2013-01-17 23:00:00,DESN025,day,39.92,34.86
2013-01-18 23:00:00,DESN025,day,19.13,18.42
2013-01-19 23:00:00,DESN025,day,31.05,31.13
2013-01-20 23:00:00,DESN025,day,60.07,49.3
2013-01-21 23:00:00,DESN025,day,52.06,47.58
2013-01-22 23:00:00,DESN025,day,47.94,48.09
2013-01-23 23:00:00,DESN025,day,52.72,46.2
2013-01-24 23:00:00,DESN025,day,77.87,62.8
2013-01-25 23:00:00,DESN025,day,74.44,70.29
2013-01-26 23:00:00,DESN025,day,69.72,63.07
2013-01-27 23:00:00,DESN025,day,34.91,
2013-01-28 23:00:00,DESN025,day,23.12,14.16
2013-01-29 23:00:00,DESN025,day,10.48,
2013-01-30 23:00:00,DESN025,day,6.63,
2013-01-31 23:00:00,DESN025,day,17.38,6.38
2013-02-01 23:00:00,DESN025,day,16.63,8.83
2013-02-02 23:00:00,DESN025,day,11.49,7.41
2013-02-03 23:00:00,DESN025,day,15.71,6.61
2013-02-04 23:00:00,DESN025,day,10.07,6.05
2013-02-05 23:00:00,DESN025,day,15.3,7.46
2013-02-06 23:00:00,DESN025,day,21.0,11.26
2013-02-07 23:00:00,DESN025,day,22.96,16.42
2013-02-08 23:00:00,DESN025,day,22.06,16.06
2013-02-09 23:00:00,DESN025,day,25.38,21.03
2013-02-10 23:00:00,DESN025,day,32.49,24.27
2013-02-11 23:00:00,DESN025,day,43.11,32.58
2013-02-12 23:00:00,DESN025,day,55.01,45.5
2013-02-13 23:00:00,DESN025,day,54.35,45.35
2013-02-14 23:00:00,DESN025,day,58.82,45.17
2013-02-15 23:00:00,DESN025,day,70.68,53.09
2013-02-16 23:00:00,DESN025,day,80.45,65.18
2013-02-17 23:00:00,DESN025,day,67.51,55.95
2013-02-18 23:00:00,DESN025,day,51.39,36.03
2013-02-19 23:00:00,DESN025,day,28.38,23.48
2013-02-20 23:00:00,DESN025,day,13.07,9.09
2013-02-21 23:00:00,DESN025,day,16.24,13.23
2013-02-22 23:00:00,DESN025,day,45.65,41.55
2013-02-23 23:00:00,DESN025,day,33.54,31.78
2013-02-24 23:00:00,DESN025,day,28.16,23.33
2013-02-25 23:00:00,DESN025,day,51.96,42.47
2013-02-26 23:00:00,DESN025,day,61.09,36.89
2013-02-27 23:00:00,DESN025,day,19.65,15.98
2013-02-28 23:00:00,DESN025,day,50.72,36.76
2013-03-01 23:00:00,DESN025,day,34.17,21.46
2013-03-02 23:00:00,DESN025,day,47.0,25.61
2013-03-03 23:00:00,DESN025,day,29.01,18.36
2013-03-04 23:00:00,DESN025,day,44.81,23.32
2013-03-05 23:00:00,DESN025,day,52.03,27.37
2013-03-06 23:00:00,DESN025,day,62.16,39.12
2013-03-07 23:00:00,DESN025,day,82.52,58.41
2013-03-08 23:00:00,DESN025,day,40.16,33.74
2013-03-09 23:00:00,DESN025,day,40.43,30.83
2013-03-10 23:00:00,DESN025,day,34.08,27.89
2013-03-11 23:00:00,DESN025,day,38.34,33.05
2013-03-12 23:00:00,DESN025,day,30.49,26.78
2013-03-13 23:00:00,DESN025,day,32.74,25.49
2013-03-14 23:00:00,DESN025,day,46.87,39.73
2013-03-15 23:00:00,DESN025,day,45.42,33.54
2013-03-16 23:00:00,DESN025,day,54.94,40.8
2013-03-17 23:00:00,DESN025,day,40.01,29.15
2013-03-18 23:00:00,DESN025,day,39.97,33.14
2013-03-19 23:00:00,DESN025,day,60.76,50.61
2013-03-20 23:00:00,DESN025,day,28.96,27.68
2013-03-21 23:00:00,DESN025,day,38.71,30.1
2013-03-22 23:00:00,DESN025,day,30.45,23.5
2013-03-23 23:00:00,DESN025,day,28.39,20.37
2013-03-24 23:00:00,DESN025,day,28.39,22.44
2013-03-25 23:00:00,DESN025,day,33.44,22.25
2013-03-26 23:00:00,DESN025,day,34.6,20.58
2013-03-27 23:00:00,DESN025,day,38.08,24.32
2013-03-28 23:00:00,DESN025,day,55.46,43.59
2013-03-29 23:00:00,DESN025,day,66.77,61.5
2013-03-30 23:00:00,DESN025,day,69.01,56.9
2013-03-31 23:00:00,DESN025,day,33.33,27.97
2013-04-01 23:00:00,DESN025,day,21.59,16.53
2013-04-02 23:00:00,DESN025,day,33.56,21.59
2013-04-03 23:00:00,DESN025,day,39.7,27.04
2013-04-04 23:00:00,DESN025,day,42.21,28.98
2013-04-05 23:00:00,DESN025,day,43.13,29.64
2013-04-06 23:00:00,DESN025,day,30.53,21.17
2013-04-07 23:00:00,DESN025,day,34.79,26.05
2013-04-10 23:00:00,DESN025,day,24.75,12.62
2013-04-11 23:00:00,DESN025,day,19.48,12.6
2013-04-12 23:00:00,DESN025,day,18.69,11.69
2013-04-13 23:00:00,DESN025,day,30.82,17.3
2013-04-14 23:00:00,DESN025,day,20.21,12.06
2013-04-15 23:00:00,DESN025,day,33.38,19.05
2013-04-16 23:00:00,DESN025,day,53.01,32.75
2013-04-17 23:00:00,DESN025,day,40.36,21.8
2013-04-18 23:00:00,DESN025,day,41.52,20.4
2013-04-19 23:00:00,DESN025,day,47.99,18.58
2013-04-20 23:00:00,DESN025,day,25.44,12.6
2013-04-21 23:00:00,DESN025,day,37.2,22.95
2013-04-22 23:00:00,DESN025,day,62.69,37.02
2013-04-23 23:00:00,DESN025,day,61.65,36.57
2013-04-24 23:00:00,DESN025,day,56.43,36.96
2013-04-25 23:00:00,DESN025,day,80.17,47.98
2013-04-26 23:00:00,DESN025,day,60.17,31.27
2013-04-27 23:00:00,DESN025,day,8.82,7.27
2013-04-28 23:00:00,DESN025,day,15.09,8.74
2013-04-29 23:00:00,DESN025,day,28.5,19.36
2013-04-30 23:00:00,DESN025,day,39.51,23.7
2013-05-01 23:00:00,DESN025,day,26.67,19.76
2013-05-02 23:00:00,DESN025,day,39.86,26.63
2013-05-03 23:00:00,DESN025,day,32.48,17.65
2013-05-04 23:00:00,DESN025,day,50.47,27.76
2013-05-05 23:00:00,DESN025,day,37.92,24.55
2013-05-06 23:00:00,DESN025,day,38.5,26.49
2013-05-07 23:00:00,DESN025,day,32.32,23.24
2013-05-08 23:00:00,DESN025,day,30.45,18.78
2013-05-09 23:00:00,DESN025,day,16.43,11.46
2013-05-10 23:00:00,DESN025,day,22.92,11.7
2013-05-11 23:00:00,DESN025,day,26.16,15.97
2013-05-12 23:00:00,DESN025,day,12.96,7.64
2013-05-13 23:00:00,DESN025,day,21.39,9.11
2013-05-14 23:00:00,DESN025,day,22.61,11.45
2013-05-15 23:00:00,DESN025,day,26.55,16.73
2013-05-16 23:00:00,DESN025,day,28.84,12.59
2013-05-17 23:00:00,DESN025,day,25.72,12.78
2013-05-18 23:00:00,DESN025,day,17.32,12.48
2013-05-19 23:00:00,DESN025,day,21.33,13.88
2013-05-20 23:00:00,DESN025,day,9.04,5.1
2013-05-21 23:00:00,DESN025,day,18.19,9.11
2013-05-22 23:00:00,DESN025,day,16.65,6.59
2013-05-23 23:00:00,DESN025,day,18.91,8.9
2013-05-24 23:00:00,DESN025,day,17.18,10.12
2013-05-25 23:00:00,DESN025,day,19.32,11.19
2013-05-26 23:00:00,DESN025,day,3.66,
2013-05-27 23:00:00,DESN025,day,10.53,6.45
2013-05-28 23:00:00,DESN025,day,23.51,13.94
2013-05-29 23:00:00,DESN025,day,15.42,10.3
2013-05-30 23:00:00,DESN025,day,24.17,14.94
2013-05-31 23:00:00,DESN025,day,21.33,10.7
2013-06-01 23:00:00,DESN025,day,18.32,12.92
2013-06-02 23:00:00,DESN025,day,14.04,5.92
2013-06-03 23:00:00,DESN025,day,23.76,7.95
2013-06-04 23:00:00,DESN025,day,24.07,9.93
2013-06-05 23:00:00,DESN025,day,16.69,7.54
2013-06-06 23:00:00,DESN025,day,24.19,11.65
2013-06-07 23:00:00,DESN025,day,26.72,15.31
2013-06-08 23:00:00,DESN025,day,27.16,17.07
2013-06-09 23:00:00,DESN025,day,21.24,14.13
2013-06-10 23:00:00,DESN025,day,17.67,9.27
2013-06-11 23:00:00,DESN025,day,24.12,11.69
2013-06-12 23:00:00,DESN025,day,27.26,12.96
2013-06-13 23:00:00,DESN025,day,23.71,13.1
2013-06-14 23:00:00,DESN025,day,15.36,7.74
2013-06-15 23:00:00,DESN025,day,18.68,10.01
2013-06-16 23:00:00,DESN025,day,14.21,7.16
2013-06-17 23:00:00,DESN025,day,20.7,10.25
2013-06-18 23:00:00,DESN025,day,41.5,24.07
2013-06-19 23:00:00,DESN025,day,37.46,26.36
2013-06-20 23:00:00,DESN025,day,40.97,32.08
2013-06-21 23:00:00,DESN025,day,20.94,7.91
2013-06-22 23:00:00,DESN025,day,13.64,7.24
2013-06-23 23:00:00,DESN025,day,11.96,6.57
2013-06-24 23:00:00,DESN025,day,19.8,7.36
2013-06-25 23:00:00,DESN025,day,14.97,8.12
2013-06-26 23:00:00,DESN025,day,15.65,6.82
2013-06-27 23:00:00,DESN025,day,19.33,11.25
2013-06-28 23:00:00,DESN025,day,16.49,9.68
2013-06-29 23:00:00,DESN025,day,14.28,7.59
2013-06-30 23:00:00,DESN025,day,17.95,6.04
2013-07-01 23:00:00,DESN025,day,15.95,8.16
2013-07-02 23:00:00,DESN025,day,18.69,10.26
2013-07-03 23:00:00,DESN025,day,22.45,9.94
2013-07-04 23:00:00,DESN025,day,20.45,10.29
2013-07-05 23:00:00,DESN025,day,32.82,18.95
2013-07-06 23:00:00,DESN025,day,22.44,12.32
2013-07-07 23:00:00,DESN025,day,16.62,9.78
2013-07-08 23:00:00,DESN025,day,27.02,13.94
2013-07-09 23:00:00,DESN025,day,35.34,20.67
2013-07-10 23:00:00,DESN025,day,26.32,13.14
2013-07-11 23:00:00,DESN025,day,22.17,9.88
2013-07-12 23:00:00,DESN025,day,23.17,11.19
2013-07-13 23:00:00,DESN025,day,20.53,12.94
2013-07-14 23:00:00,DESN025,day,21.56,14.92
2013-07-15 23:00:00,DESN025,day,20.15,9.66
2013-07-16 23:00:00,DESN025,day,32.1,17.86
2013-07-17 23:00:00,DESN025,day,26.45,14.66
2013-07-18 23:00:00,DESN025,day,23.2,10.12
2013-07-19 23:00:00,DESN025,day,25.27,11.71
2013-07-20 23:00:00,DESN025,day,18.29,9.94
2013-07-21 23:00:00,DESN025,day,15.59,7.73
2013-07-22 23:00:00,DESN025,day,23.14,11.77
2013-07-23 23:00:00,DESN025,day,31.34,15.69
2013-07-24 23:00:00,DESN025,day,25.07,13.28
2013-07-25 23:00:00,DESN025,day,27.71,19.22
2013-07-26 23:00:00,DESN025,day,25.22,15.45
2013-07-27 23:00:00,DESN025,day,27.36,15.73
2013-07-28 23:00:00,DESN025,day,23.64,13.35
2013-07-29 23:00:00,DESN025,day,18.37,9.56
2013-07-30 23:00:00,DESN025,day,22.67,7.18
2013-07-31 23:00:00,DESN025,day,15.09,7.74
2013-08-01 23:00:00,DESN025,day,19.08,8.65
2013-08-02 23:00:00,DESN025,day,29.61,12.82
2013-08-03 23:00:00,DESN025,day,27.02,13.27
2013-08-04 23:00:00,DESN025,day,16.54,10.66
2013-08-05 23:00:00,DESN025,day,22.34,11.55
2013-08-06 23:00:00,DESN025,day,27.37,14.54
2013-08-07 23:00:00,DESN025,day,32.41,18.36
2013-08-08 23:00:00,DESN025,day,21.81,10.18
2013-08-09 23:00:00,DESN025,day,25.61,11.56
2013-08-10 23:00:00,DESN025,day,21.98,11.86
2013-08-11 23:00:00,DESN025,day,17.71,6.81
2013-08-12 23:00:00,DESN025,day,17.78,7.76
2013-08-13 23:00:00,DESN025,day,14.18,6.77
2013-08-14 23:00:00,DESN025,day,15.2,6.78
2013-08-15 23:00:00,DESN025,day,27.13,11.84
2013-08-16 23:00:00,DESN025,day,26.21,12.18
2013-08-17 23:00:00,DESN025,day,30.25,14.24
2013-08-18 23:00:00,DESN025,day,20.98,9.35
2013-08-19 23:00:00,DESN025,day,16.46,8.71
2013-08-20 23:00:00,DESN025,day,17.14,7.88
2013-08-21 23:00:00,DESN025,day,20.56,10.36
2013-08-22 23:00:00,DESN025,day,25.0,14.47
2013-08-23 23:00:00,DESN025,day,30.37,17.83
2013-08-24 23:00:00,DESN025,day,20.11,12.6
2013-08-25 23:00:00,DESN025,day,18.12,11.97
2013-08-26 23:00:00,DESN025,day,23.95,9.75
2013-08-27 23:00:00,DESN025,day,23.01,11.01
2013-08-28 23:00:00,DESN025,day,29.45,15.8
2013-08-29 23:00:00,DESN025,day,32.78,15.4
2013-08-30 23:00:00,DESN025,day,37.83,20.55
2013-08-31 23:00:00,DESN025,day,35.72,23.35
2013-09-01 23:00:00,DESN025,day,17.24,5.96
2013-09-02 23:00:00,DESN025,day,22.13,11.84
2013-09-03 23:00:00,DESN025,day,19.24,11.03
2013-09-04 23:00:00,DESN025,day,23.94,15.01
2013-09-05 23:00:00,DESN025,day,16.73,10.29
2013-09-06 23:00:00,DESN025,day,25.67,16.74
2013-09-07 23:00:00,DESN025,day,25.51,15.71
2013-09-08 23:00:00,DESN025,day,21.79,14.35
2013-09-09 23:00:00,DESN025,day,8.58,6.92
2013-09-10 23:00:00,DESN025,day,13.37,6.29
2013-09-11 23:00:00,DESN025,day,10.77,6.36
2013-09-12 23:00:00,DESN025,day,18.91,13.59
2013-09-13 23:00:00,DESN025,day,23.46,16.13
2013-09-14 23:00:00,DESN025,day,17.42,11.57
2013-09-15 23:00:00,DESN025,day,9.22,4.89
2013-09-16 23:00:00,DESN025,day,15.4,6.47
2013-09-17 23:00:00,DESN025,day,16.19,7.54
2013-09-18 23:00:00,DESN025,day,26.71,9.25
2013-09-19 23:00:00,DESN025,day,21.04,10.33
2013-09-20 23:00:00,DESN025,day,17.11,9.98
2013-09-21 23:00:00,DESN025,day,19.66,14.18
2013-09-22 23:00:00,DESN025,day,19.9,12.57
2013-09-23 23:00:00,DESN025,day,18.82,10.52
2013-09-24 23:00:00,DESN025,day,19.47,10.57
2013-09-25 23:00:00,DESN025,day,152.5,38.05
2013-09-26 23:00:00,DESN025,day,27.81,19.15
2013-09-27 23:00:00,DESN025,day,25.45,14.83
2013-09-28 23:00:00,DESN025,day,22.67,14.58
2013-09-29 23:00:00,DESN025,day,15.14,9.41
2013-09-30 23:00:00,DESN025,day,21.66,11.1
2013-10-01 23:00:00,DESN025,day,25.86,14.76
2013-10-02 23:00:00,DESN025,day,23.76,13.06
2013-10-03 23:00:00,DESN025,day,22.63,15.42
2013-10-04 23:00:00,DESN025,day,30.63,15.62
2013-10-05 23:00:00,DESN025,day,31.51,18.69
2013-10-06 23:00:00,DESN025,day,25.99,19.37
2013-10-07 23:00:00,DESN025,day,29.08,17.66
2013-10-08 23:00:00,DESN025,day,34.44,23.65
2013-10-09 23:00:00,DESN025,day,42.85,27.49
2013-10-10 23:00:00,DESN025,day,15.73,9.59
2013-10-11 23:00:00,DESN025,day,15.69,12.08
2013-10-12 23:00:00,DESN025,day,21.98,14.68
2013-10-13 23:00:00,DESN025,day,20.96,13.46
2013-10-14 23:00:00,DESN025,day,29.26,15.65
2013-10-15 23:00:00,DESN025,day,17.54,11.87
2013-10-16 23:00:00,DESN025,day,29.7,19.66
2013-10-17 23:00:00,DESN025,day,18.99,10.07
2013-10-18 23:00:00,DESN025,day,19.58,8.45
2013-10-19 23:00:00,DESN025,day,24.46,12.4
2013-10-20 23:00:00,DESN025,day,18.21,10.42
2013-10-21 23:00:00,DESN025,day,29.3,12.57
2013-10-22 23:00:00,DESN025,day,30.85,13.96
2013-10-23 23:00:00,DESN025,day,29.19,14.28
2013-10-24 23:00:00,DESN025,day,26.68,12.39
2013-10-25 23:00:00,DESN025,day,29.97,14.77
2013-10-26 23:00:00,DESN025,day,20.07,12.03
2013-10-27 23:00:00,DESN025,day,10.99,7.28
2013-10-28 23:00:00,DESN025,day,16.45,10.69
2013-10-29 23:00:00,DESN025,day,19.7,9.56
2013-10-30 23:00:00,DESN025,day,23.0,11.42
2013-10-31 23:00:00,DESN025,day,27.57,15.91
2013-11-01 23:00:00,DESN025,day,29.74,19.61
2013-11-02 23:00:00,DESN025,day,15.73,10.5
2013-11-03 23:00:00,DESN025,day,9.72,4.09
2013-11-04 23:00:00,DESN025,day,8.73,4.28
2013-11-05 23:00:00,DESN025,day,15.63,8.61
2013-11-06 23:00:00,DESN025,day,16.22,7.92
2013-11-07 23:00:00,DESN025,day,9.12,4.49
2013-11-08 23:00:00,DESN025,day,12.16,7.22
2013-11-09 23:00:00,DESN025,day,12.19,6.11
2013-11-10 23:00:00,DESN025,day,11.2,6.36
2013-11-11 23:00:00,DESN025,day,26.44,12.57
2013-11-12 23:00:00,DESN025,day,31.33,18.26
2013-11-13 23:00:00,DESN025,day,34.86,15.03
2013-11-14 23:00:00,DESN025,day,42.07,19.73
2013-11-15 23:00:00,DESN025,day,48.53,32.21
2013-11-16 23:00:00,DESN025,day,48.2,37.34
2013-11-17 23:00:00,DESN025,day,37.24,27.56
2013-11-18 23:00:00,DESN025,day,37.69,25.57
2013-11-19 23:00:00,DESN025,day,31.4,24.15
2013-11-20 23:00:00,DESN025,day,11.8,9.18
2013-11-21 23:00:00,DESN025,day,16.14,11.1
2013-11-22 23:00:00,DESN025,day,15.91,10.69
2013-11-23 23:00:00,DESN025,day,19.05,12.87
2013-11-24 23:00:00,DESN025,day,14.67,8.28
2013-11-25 23:00:00,DESN025,day,20.75,11.58
2013-11-26 23:00:00,DESN025,day,24.12,14.84
2013-11-27 23:00:00,DESN025,day,34.51,21.81
2013-11-28 23:00:00,DESN025,day,21.28,12.76
2013-11-29 23:00:00,DESN025,day,20.52,10.36
2013-11-30 23:00:00,DESN025,day,13.27,7.9
2013-12-01 23:00:00,DESN025,day,18.18,9.83
2013-12-02 23:00:00,DESN025,day,32.44,14.32
2013-12-03 23:00:00,DESN025,day,41.74,21.35
2013-12-04 23:00:00,DESN025,day,33.88,23.56
2013-12-05 23:00:00,DESN025,day,19.3,13.21
2013-12-06 23:00:00,DESN025,day,18.93,6.14
2013-12-07 23:00:00,DESN025,day,17.28,10.8
2013-12-08 23:00:00,DESN025,day,15.32,12.34
2013-12-09 23:00:00,DESN025,day,15.7,12.58
2013-12-10 23:00:00,DESN025,day,35.06,26.62
2013-12-11 23:00:00,DESN025,day,21.69,13.55
2013-12-12 23:00:00,DESN025,day,24.35,12.54
2013-12-13 23:00:00,DESN025,day,21.95,10.96
2013-12-14 23:00:00,DESN025,day,24.61,16.78
2013-12-15 23:00:00,DESN025,day,17.72,11.63
2013-12-16 23:00:00,DESN025,day,25.31,12.84
2013-12-17 23:00:00,DESN025,day,51.37,19.95
2013-12-18 23:00:00,DESN025,day,42.34,21.66
2013-12-19 23:00:00,DESN025,day,30.73,20.47
2013-12-20 23:00:00,DESN025,day,28.73,18.9
2013-12-21 23:00:00,DESN025,day,21.65,10.71
2013-12-22 23:00:00,DESN025,day,14.96,8.32
2013-12-23 23:00:00,DESN025,day,11.91,6.16
2013-12-24 23:00:00,DESN025,day,13.05,5.34
2013-12-25 23:00:00,DESN025,day,17.08,10.38
2013-12-26 23:00:00,DESN025,day,20.86,16.07
2013-12-27 23:00:00,DESN025,day,15.17,9.21
2013-12-28 23:00:00,DESN025,day,12.58,7.58
2013-12-29 23:00:00,DESN025,day,6.92,4.35
2013-12-30 23:00:00,DESN025,day,15.59,8.73
2013-12-31 23:00:00,DESN025,day,28.83,20.13
2014-01-01 23:00:00,DESN025,day,54.93,42.48
2014-01-02 23:00:00,DESN025,day,17.96,13.46
2014-01-03 23:00:00,DESN025,day,13.72,9.65
2014-01-04 23:00:00,DESN025,day,15.16,9.43
2014-01-05 23:00:00,DESN025,day,15.84,9.71
2014-01-06 23:00:00,DESN025,day,13.2,7.01
2014-01-07 23:00:00,DESN025,day,16.3,8.37
2014-01-08 23:00:00,DESN025,day,21.72,9.84
2014-01-09 23:00:00,DESN025,day,16.27,10.02
2014-01-10 23:00:00,DESN025,day,15.58,7.58
2014-01-11 23:00:00,DESN025,day,22.16,9.44
2014-01-12 23:00:00,DESN025,day,18.35,8.71
2014-01-13 23:00:00,DESN025,day,29.88,18.09
2014-01-14 23:00:00,DESN025,day,30.2,23.85
2014-01-15 23:00:00,DESN025,day,35.86,24.47
2014-01-16 23:00:00,DESN025,day,19.13,16.11
2014-01-17 23:00:00,DESN025,day,21.95,14.15
2014-01-18 23:00:00,DESN025,day,20.79,16.42
2014-01-19 23:00:00,DESN025,day,33.48,27.92
2014-01-21 23:00:00,DESN025,day,20.95,16.64
2014-01-22 23:00:00,DESN025,day,46.57,40.58
2014-01-23 23:00:00,DESN025,day,46.72,41.56
2014-01-24 23:00:00,DESN025,day,59.35,53.18
2014-01-25 23:00:00,DESN025,day,71.1,62.28
2014-01-26 23:00:00,DESN025,day,58.77,51.98
2014-01-27 23:00:00,DESN025,day,29.53,19.89
2014-01-28 23:00:00,DESN025,day,37.6,29.29
2014-01-29 23:00:00,DESN025,day,57.55,46.84
2014-01-30 23:00:00,DESN025,day,67.63,57.41
2014-01-31 23:00:00,DESN025,day,87.74,73.08
2014-02-01 23:00:00,DESN025,day,33.11,29.55
2014-02-02 23:00:00,DESN025,day,34.59,31.0
2014-02-03 23:00:00,DESN025,day,34.72,28.76
2014-02-04 23:00:00,DESN025,day,41.33,29.91
2014-02-05 23:00:00,DESN025,day,39.28,29.85
2014-02-06 23:00:00,DESN025,day,26.0,14.26
2014-02-07 23:00:00,DESN025,day,23.48,8.73
2014-02-08 23:00:00,DESN025,day,14.14,6.75
2014-02-09 23:00:00,DESN025,day,9.58,3.69
2014-02-10 23:00:00,DESN025,day,19.73,8.18
2014-02-11 23:00:00,DESN025,day,24.3,12.78
2014-02-12 23:00:00,DESN025,day,21.2,9.96
2014-02-13 23:00:00,DESN025,day,18.95,10.45
2014-02-14 23:00:00,DESN025,day,18.48,8.39
2014-02-15 23:00:00,DESN025,day,13.89,5.97
2014-02-16 23:00:00,DESN025,day,11.01,4.12
2014-02-17 23:00:00,DESN025,day,22.26,9.13
2014-02-18 23:00:00,DESN025,day,28.12,16.81
2014-02-19 23:00:00,DESN025,day,35.07,18.63
2014-02-20 23:00:00,DESN025,day,26.43,15.46
2014-02-21 23:00:00,DESN025,day,21.13,13.39
2014-02-22 23:00:00,DESN025,day,19.96,9.62
2014-02-23 23:00:00,DESN025,day,17.59,11.4
2014-02-24 23:00:00,DESN025,day,32.66,22.27
2014-02-25 23:00:00,DESN025,day,44.24,29.35
2014-02-26 23:00:00,DESN025,day,54.25,38.72
2014-02-27 23:00:00,DESN025,day,52.11,36.41
2014-02-28 23:00:00,DESN025,day,34.47,26.79
2014-03-01 23:00:00,DESN025,day,38.72,31.89
2014-03-02 23:00:00,DESN025,day,44.36,35.04
2014-03-03 23:00:00,DESN025,day,55.99,36.93
2014-03-04 23:00:00,DESN025,day,70.55,46.15
2014-03-05 23:00:00,DESN025,day,65.05,46.46
2014-03-06 23:00:00,DESN025,day,77.19,54.76
2014-03-07 23:00:00,DESN025,day,64.8,44.8
2014-03-08 23:00:00,DESN025,day,68.0,48.86
2014-03-09 23:00:00,DESN025,day,67.43,52.49
2014-03-10 23:00:00,DESN025,day,71.46,48.92
2014-03-11 23:00:00,DESN025,day,78.2,55.55
2014-03-12 23:00:00,DESN025,day,43.72,25.58
2014-03-13 23:00:00,DESN025,day,74.44,48.11
2014-03-14 23:00:00,DESN025,day,82.71,59.29
2014-03-15 23:00:00,DESN025,day,38.24,24.1
2014-03-16 23:00:00,DESN025,day,14.28,9.59
2014-03-17 23:00:00,DESN025,day,28.06,16.15
2014-03-18 23:00:00,DESN025,day,47.63,33.02
2014-03-19 23:00:00,DESN025,day,23.14,14.21
2014-03-20 23:00:00,DESN025,day,23.42,10.58
2014-03-21 23:00:00,DESN025,day,30.66,16.0
2014-03-22 23:00:00,DESN025,day,18.65,12.82
2014-03-23 23:00:00,DESN025,day,19.74,13.02
2014-03-24 23:00:00,DESN025,day,24.13,17.51
2014-03-25 23:00:00,DESN025,day,22.32,14.58
2014-03-26 23:00:00,DESN025,day,29.01,21.1
2014-03-27 23:00:00,DESN025,day,30.15,23.86
2014-03-28 23:00:00,DESN025,day,50.69,34.94
2014-03-29 23:00:00,DESN025,day,50.92,36.78
2014-03-30 23:00:00,DESN025,day,61.13,48.02
2014-03-31 23:00:00,DESN025,day,76.95,53.8
2014-04-01 23:00:00,DESN025,day,77.06,52.98
2014-04-02 23:00:00,DESN025,day,58.45,40.3
2014-04-03 23:00:00,DESN025,day,60.88,33.48
2014-04-04 23:00:00,DESN025,day,68.59,51.36
2014-04-05 23:00:00,DESN025,day,52.06,38.57
2014-04-06 23:00:00,DESN025,day,55.3,42.65
2014-04-07 23:00:00,DESN025,day,34.66,18.08
2014-04-08 23:00:00,DESN025,day,32.65,15.4
2014-04-09 23:00:00,DESN025,day,23.84,12.66
2014-04-10 23:00:00,DESN025,day,13.64,7.54
2014-04-11 23:00:00,DESN025,day,26.89,14.84
2014-04-12 23:00:00,DESN025,day,38.3,24.98
2014-04-13 23:00:00,DESN025,day,34.78,23.29
2014-04-14 23:00:00,DESN025,day,25.0,9.55
2014-04-15 23:00:00,DESN025,day,18.79,6.75
2014-04-16 23:00:00,DESN025,day,18.0,9.58
2014-04-17 23:00:00,DESN025,day,26.79,12.59
2014-04-18 23:00:00,DESN025,day,13.3,8.59
2014-04-19 23:00:00,DESN025,day,34.48,23.95
2014-04-20 23:00:00,DESN025,day,29.66,19.69
2014-04-21 23:00:00,DESN025,day,21.11,15.98
2014-04-22 23:00:00,DESN025,day,27.0,15.48
2014-04-23 23:00:00,DESN025,day,40.25,22.39
2014-04-24 23:00:00,DESN025,day,29.65,19.68
2014-04-25 23:00:00,DESN025,day,28.54,17.96
2014-04-26 23:00:00,DESN025,day,32.79,23.93
2014-04-27 23:00:00,DESN025,day,23.66,17.88
2014-04-28 23:00:00,DESN025,day,31.16,20.69
2014-04-29 23:00:00,DESN025,day,35.51,20.06
2014-04-30 23:00:00,DESN025,day,49.8,27.5
2014-05-01 23:00:00,DESN025,day,33.46,23.09
2014-05-02 23:00:00,DESN025,day,13.97,7.49
2014-05-03 23:00:00,DESN025,day,16.84,11.41
2014-05-04 23:00:00,DESN025,day,17.01,11.22
2014-05-05 23:00:00,DESN025,day,27.39,16.32
2014-05-06 23:00:00,DESN025,day,29.55,17.75
2014-05-07 23:00:00,DESN025,day,19.44,9.82
2014-05-08 23:00:00,DESN025,day,22.94,9.25
2014-05-09 23:00:00,DESN025,day,13.9,7.01
2014-05-10 23:00:00,DESN025,day,13.64,7.05
2014-05-11 23:00:00,DESN025,day,12.02,5.17
2014-05-12 23:00:00,DESN025,day,15.78,6.15
2014-05-13 23:00:00,DESN025,day,16.2,8.61
2014-05-14 23:00:00,DESN025,day,19.21,7.55
2014-05-15 23:00:00,DESN025,day,18.77,8.89
2014-05-16 23:00:00,DESN025,day,14.41,9.11
2014-05-17 23:00:00,DESN025,day,20.01,11.09
2014-05-18 23:00:00,DESN025,day,9.6,5.97
2014-05-19 23:00:00,DESN025,day,17.08,9.89
2014-05-20 23:00:00,DESN025,day,24.68,11.91
2014-05-21 23:00:00,DESN025,day,30.33,13.4
2014-05-22 23:00:00,DESN025,day,33.53,16.12
2014-05-23 23:00:00,DESN025,day,27.7,10.58
2014-05-24 23:00:00,DESN025,day,19.38,10.82
2014-05-25 23:00:00,DESN025,day,15.11,8.52
2014-05-26 23:00:00,DESN025,day,23.02,9.71
2014-05-27 23:00:00,DESN025,day,20.55,15.49
2014-05-28 23:00:00,DESN025,day,4.9,7.61
2014-05-29 23:00:00,DESN025,day,8.47,3.9
2014-05-30 23:00:00,DESN025,day,16.01,9.08
2014-05-31 23:00:00,DESN025,day,17.06,8.91
2014-06-01 23:00:00,DESN025,day,18.63,9.69
2014-06-02 23:00:00,DESN025,day,19.69,10.28
2014-06-03 23:00:00,DESN025,day,16.83,9.07
2014-06-04 23:00:00,DESN025,day,19.7,10.45
2014-06-05 23:00:00,DESN025,day,18.05,7.62
2014-06-06 23:00:00,DESN025,day,19.5,9.25
2014-06-07 23:00:00,DESN025,day,23.12,12.16
2014-06-08 23:00:00,DESN025,day,26.45,14.6
2014-06-09 23:00:00,DESN025,day,26.25,16.55
2014-06-10 23:00:00,DESN025,day,43.17,26.23
2014-06-11 23:00:00,DESN025,day,25.91,14.35
2014-06-12 23:00:00,DESN025,day,20.94,9.14
2014-06-13 23:00:00,DESN025,day,19.44,8.81
2014-06-14 23:00:00,DESN025,day,14.59,6.49
2014-06-15 23:00:00,DESN025,day,13.72,6.96
2014-06-16 23:00:00,DESN025,day,20.66,10.27
2014-06-17 23:00:00,DESN025,day,20.74,10.39
2014-06-18 23:00:00,DESN025,day,20.13,11.11
2014-06-19 23:00:00,DESN025,day,18.31,7.65
2014-06-20 23:00:00,DESN025,day,13.34,5.86
2014-06-21 23:00:00,DESN025,day,12.1,5.8
2014-06-22 23:00:00,DESN025,day,9.91,5.38
2014-06-23 23:00:00,DESN025,day,15.48,6.91
2014-06-24 23:00:00,DESN025,day,16.9,8.27
2014-06-25 23:00:00,DESN025,day,11.66,6.35
2014-06-26 23:00:00,DESN025,day,15.1,8.27
2014-06-27 23:00:00,DESN025,day,17.67,10.34
2014-06-28 23:00:00,DESN025,day,15.19,9.01
2014-06-29 23:00:00,DESN025,day,9.61,6.09
2014-06-30 23:00:00,DESN025,day,17.82,8.81
2014-07-01 23:00:00,DESN025,day,18.48,7.78
2014-07-02 23:00:00,DESN025,day,16.61,8.13
2014-07-03 23:00:00,DESN025,day,23.17,10.13
2014-07-04 23:00:00,DESN025,day,27.12,11.87
2014-07-05 23:00:00,DESN025,day,22.76,11.08
2014-07-06 23:00:00,DESN025,day,12.78,7.16
2014-07-07 23:00:00,DESN025,day,18.85,7.88
2014-07-08 23:00:00,DESN025,day,21.75,13.21
2014-07-09 23:00:00,DESN025,day,20.29,7.09
2014-07-10 23:00:00,DESN025,day,21.55,8.87
2014-07-11 23:00:00,DESN025,day,24.84,11.18
2014-07-12 23:00:00,DESN025,day,16.79,7.88
2014-07-13 23:00:00,DESN025,day,26.57,14.08
2014-07-14 23:00:00,DESN025,day,21.16,8.92
2014-07-15 23:00:00,DESN025,day,23.02,12.0
2014-07-16 23:00:00,DESN025,day,25.42,12.08
2014-07-17 23:00:00,DESN025,day,29.15,14.02
2014-07-18 23:00:00,DESN025,day,28.58,15.35
2014-07-19 23:00:00,DESN025,day,33.17,19.05
2014-07-20 23:00:00,DESN025,day,27.36,19.22
2014-07-21 23:00:00,DESN025,day,39.63,25.79
2014-07-22 23:00:00,DESN025,day,25.25,11.05
2014-07-23 23:00:00,DESN025,day,24.02,11.69
2014-07-24 23:00:00,DESN025,day,18.0,9.81
2014-07-25 23:00:00,DESN025,day,19.79,
2014-07-26 23:00:00,DESN025,day,22.3,
2014-07-27 23:00:00,DESN025,day,22.15,21.01
2014-07-28 23:00:00,DESN025,day,24.84,14.93
2014-07-29 23:00:00,DESN025,day,25.72,16.34
2014-07-30 23:00:00,DESN025,day,25.52,14.09
2014-07-31 23:00:00,DESN025,day,20.37,10.09
2014-08-01 23:00:00,DESN025,day,23.0,11.83
2014-08-02 23:00:00,DESN025,day,21.85,13.51
2014-08-03 23:00:00,DESN025,day,17.54,10.26
2014-08-04 23:00:00,DESN025,day,15.43,9.36
2014-08-05 23:00:00,DESN025,day,22.29,12.68
2014-08-06 23:00:00,DESN025,day,22.49,10.81
2014-08-07 23:00:00,DESN025,day,23.98,12.77
2014-08-08 23:00:00,DESN025,day,21.95,12.2
2014-08-09 23:00:00,DESN025,day,21.29,10.39
2014-08-10 23:00:00,DESN025,day,15.17,7.93
2014-08-11 23:00:00,DESN025,day,14.44,6.27
2014-08-12 23:00:00,DESN025,day,19.98,8.0
2014-08-13 23:00:00,DESN025,day,16.16,7.23
2014-08-14 23:00:00,DESN025,day,13.43,6.91
2014-08-15 23:00:00,DESN025,day,14.45,6.39
2014-08-16 23:00:00,DESN025,day,12.19,6.95
2014-08-17 23:00:00,DESN025,day,10.51,6.44
2014-08-18 23:00:00,DESN025,day,14.05,5.54
2014-08-19 23:00:00,DESN025,day,13.21,6.11
2014-08-20 23:00:00,DESN025,day,14.69,7.66
2014-08-21 23:00:00,DESN025,day,23.05,10.4
2014-08-22 23:00:00,DESN025,day,20.03,8.86
2014-08-23 23:00:00,DESN025,day,14.32,7.77
2014-08-24 23:00:00,DESN025,day,12.36,7.04
2014-08-25 23:00:00,DESN025,day,17.59,9.86
2014-08-26 23:00:00,DESN025,day,12.27,9.15
2014-08-27 23:00:00,DESN025,day,19.08,9.43
2014-08-28 23:00:00,DESN025,day,18.99,9.89
2014-08-29 23:00:00,DESN025,day,20.08,11.42
2014-08-30 23:00:00,DESN025,day,16.27,8.77
2014-08-31 23:00:00,DESN025,day,12.58,8.24
2014-09-01 23:00:00,DESN025,day,21.22,11.72
2014-09-02 23:00:00,DESN025,day,19.0,10.85
2014-09-03 23:00:00,DESN025,day,17.81,9.54
2014-09-04 23:00:00,DESN025,day,27.62,17.0
2014-09-05 23:00:00,DESN025,day,35.17,22.24
2014-09-06 23:00:00,DESN025,day,36.22,24.36
2014-09-07 23:00:00,DESN025,day,29.86,21.67
2014-09-08 23:00:00,DESN025,day,39.8,32.2
2014-09-09 23:00:00,DESN025,day,27.01,18.04
2014-09-10 23:00:00,DESN025,day,19.91,10.56
2014-09-11 23:00:00,DESN025,day,15.51,9.53
2014-09-12 23:00:00,DESN025,day,25.1,17.51
2014-09-13 23:00:00,DESN025,day,17.6,12.4
2014-09-14 23:00:00,DESN025,day,14.84,9.44
2014-09-15 23:00:00,DESN025,day,39.92,27.02
2014-09-16 23:00:00,DESN025,day,44.94,26.57
2014-09-17 23:00:00,DESN025,day,29.43,16.64
2014-09-18 23:00:00,DESN025,day,28.31,18.11
2014-09-19 23:00:00,DESN025,day,28.79,18.74
2014-09-20 23:00:00,DESN025,day,23.76,16.81
2014-09-21 23:00:00,DESN025,day,22.25,15.48
2014-09-22 23:00:00,DESN025,day,17.76,11.16
2014-09-23 23:00:00,DESN025,day,18.54,9.1
2014-09-24 23:00:00,DESN025,day,24.01,12.53
2014-09-25 23:00:00,DESN025,day,24.38,13.35
2014-09-26 23:00:00,DESN025,day,25.58,14.55
2014-09-27 23:00:00,DESN025,day,29.89,16.67
2014-09-28 23:00:00,DESN025,day,26.87,17.43
2014-09-29 23:00:00,DESN025,day,26.13,12.57
2014-09-30 23:00:00,DESN025,day,28.34,17.4
2014-10-01 23:00:00,DESN025,day,47.34,31.25
2014-10-02 23:00:00,DESN025,day,61.6,47.27
2014-10-03 23:00:00,DESN025,day,32.87,26.19
2014-10-04 23:00:00,DESN025,day,35.96,28.49
2014-10-05 23:00:00,DESN025,day,29.78,26.66
2014-10-06 23:00:00,DESN025,day,40.5,29.22
2014-10-07 23:00:00,DESN025,day,32.94,22.57
2014-10-08 23:00:00,DESN025,day,16.81,8.72
2014-10-09 23:00:00,DESN025,day,25.88,14.51
2014-10-10 23:00:00,DESN025,day,23.33,11.48
2014-10-11 23:00:00,DESN025,day,39.36,27.69
2014-10-12 23:00:00,DESN025,day,20.16,12.74
2014-10-13 23:00:00,DESN025,day,29.79,17.81
2014-10-14 23:00:00,DESN025,day,22.98,12.75
2014-10-15 23:00:00,DESN025,day,22.83,11.54
2014-10-16 23:00:00,DESN025,day,21.09,11.97
2014-10-17 23:00:00,DESN025,day,23.41,10.83
2014-10-18 23:00:00,DESN025,day,18.12,11.49
2014-10-19 23:00:00,DESN025,day,16.43,9.55
2014-10-20 23:00:00,DESN025,day,17.08,7.72
2014-10-21 23:00:00,DESN025,day,17.93,8.07
2014-10-22 23:00:00,DESN025,day,11.14,6.53
2014-10-23 23:00:00,DESN025,day,27.48,16.37
2014-10-24 23:00:00,DESN025,day,29.52,18.9
2014-10-25 23:00:00,DESN025,day,25.92,18.84
2014-10-26 23:00:00,DESN025,day,24.47,17.82
2014-10-27 23:00:00,DESN025,day,23.7,15.35
2014-10-28 23:00:00,DESN025,day,31.84,22.9
2014-10-29 23:00:00,DESN025,day,48.27,31.94
2014-10-30 23:00:00,DESN025,day,47.19,31.12
2014-10-31 23:00:00,DESN025,day,30.84,21.12
2014-11-01 23:00:00,DESN025,day,36.33,21.76
2014-11-02 23:00:00,DESN025,day,24.65,15.29
2014-11-03 23:00:00,DESN025,day,23.76,13.75
2014-11-04 23:00:00,DESN025,day,30.08,18.93
2014-11-05 23:00:00,DESN025,day,40.01,27.0
2014-11-06 23:00:00,DESN025,day,36.7,26.33
2014-11-07 23:00:00,DESN025,day,32.47,24.12
2014-11-08 23:00:00,DESN025,day,28.1,17.19
2014-11-09 23:00:00,DESN025,day,27.03,19.63
2014-11-10 23:00:00,DESN025,day,26.41,14.49
2014-11-11 23:00:00,DESN025,day,33.33,20.82
2014-11-12 23:00:00,DESN025,day,35.21,21.42
2014-11-13 23:00:00,DESN025,day,33.04,19.7
2014-11-14 23:00:00,DESN025,day,44.06,29.22
2014-11-15 23:00:00,DESN025,day,40.39,29.56
2014-11-16 23:00:00,DESN025,day,23.93,18.12
2014-11-17 23:00:00,DESN025,day,24.17,17.32
2014-11-18 23:00:00,DESN025,day,38.48,32.27
2014-11-19 23:00:00,DESN025,day,20.82,19.79
2014-11-20 23:00:00,DESN025,day,39.11,31.28
2014-11-21 23:00:00,DESN025,day,27.93,21.3
2014-11-22 23:00:00,DESN025,day,26.4,23.81
2014-11-23 23:00:00,DESN025,day,24.22,19.09
2014-11-24 23:00:00,DESN025,day,23.1,15.16
2014-11-25 23:00:00,DESN025,day,31.67,18.74
2014-11-27 23:00:00,DESN025,day,37.14,27.69
2014-11-28 23:00:00,DESN025,day,41.09,34.2
2014-11-29 23:00:00,DESN025,day,48.07,37.46
2014-11-30 23:00:00,DESN025,day,44.4,35.48
2014-12-01 23:00:00,DESN025,day,33.52,26.21
2014-12-02 23:00:00,DESN025,day,44.24,31.27
2014-12-03 23:00:00,DESN025,day,71.09,45.15
2014-12-04 23:00:00,DESN025,day,83.92,70.58
2014-12-05 23:00:00,DESN025,day,86.52,67.31
2014-12-06 23:00:00,DESN025,day,40.54,29.5
2014-12-07 23:00:00,DESN025,day,34.83,23.72
2014-12-08 23:00:00,DESN025,day,24.12,11.89
2014-12-09 23:00:00,DESN025,day,37.78,21.59
2014-12-10 23:00:00,DESN025,day,16.52,14.89
2014-12-11 23:00:00,DESN025,day,16.81,7.2
2014-12-12 23:00:00,DESN025,day,15.0,5.95
2014-12-13 23:00:00,DESN025,day,10.86,6.06
2014-12-14 23:00:00,DESN025,day,17.37,12.78
2014-12-15 23:00:00,DESN025,day,21.62,11.33
2014-12-16 23:00:00,DESN025,day,22.68,11.37
2014-12-17 23:00:00,DESN025,day,18.71,11.34
2014-12-18 23:00:00,DESN025,day,14.16,6.79
2014-12-19 23:00:00,DESN025,day,7.82,5.18
2014-12-20 23:00:00,DESN025,day,10.67,5.38
2014-12-21 23:00:00,DESN025,day,13.93,8.35
2014-12-22 23:00:00,DESN025,day,9.33,3.54
2014-12-23 23:00:00,DESN025,day,7.95,3.95
2014-12-24 23:00:00,DESN025,day,7.22,3.96
2014-12-25 23:00:00,DESN025,day,11.79,4.98
2014-12-26 23:00:00,DESN025,day,12.04,7.46
2014-12-27 23:00:00,DESN025,day,18.79,13.69
2014-12-28 23:00:00,DESN025,day,27.7,22.58
2014-12-29 23:00:00,DESN025,day,23.47,19.95
2014-12-30 23:00:00,DESN025,day,23.69,16.98
2014-12-31 23:00:00,DESN025,day,31.37,24.34
2015-01-01 23:00:00,DESN025,day,77.98,66.34
2015-01-02 23:00:00,DESN025,day,9.75,6.61
2015-01-03 23:00:00,DESN025,day,18.63,7.53
2015-01-04 23:00:00,DESN025,day,10.29,5.64
2015-01-05 23:00:00,DESN025,day,23.66,15.86
2015-01-06 23:00:00,DESN025,day,26.73,26.09
2015-01-07 23:00:00,DESN025,day,24.66,18.81
2015-01-08 23:00:00,DESN025,day,12.26,8.65
2015-01-09 23:00:00,DESN025,day,8.02,4.95
2015-01-10 23:00:00,DESN025,day,6.26,3.65
2015-01-11 23:00:00,DESN025,day,12.92,5.82
2015-01-12 23:00:00,DESN025,day,12.6,4.89
2015-01-13 23:00:00,DESN025,day,15.4,6.58
2015-01-14 23:00:00,DESN025,day,8.19,4.25
2015-01-15 23:00:00,DESN025,day,10.01,5.85
2015-01-16 23:00:00,DESN025,day,19.79,11.46
2015-01-17 23:00:00,DESN025,day,27.72,16.33
2015-01-18 23:00:00,DESN025,day,21.89,17.21
2015-01-19 23:00:00,DESN025,day,32.11,23.49
2015-01-20 23:00:00,DESN025,day,29.38,25.29
2015-01-21 23:00:00,DESN025,day,,27.88
2015-01-22 23:00:00,DESN025,day,36.46,31.95
2015-01-23 23:00:00,DESN025,day,31.42,25.94
2015-01-24 23:00:00,DESN025,day,25.96,23.11
2015-01-25 23:00:00,DESN025,day,19.64,13.11
2015-01-26 23:00:00,DESN025,day,19.35,14.06
2015-01-27 23:00:00,DESN025,day,16.45,8.3
2015-01-28 23:00:00,DESN025,day,22.0,10.71
2015-01-29 23:00:00,DESN025,day,11.93,6.05
2015-01-30 23:00:00,DESN025,day,10.93,7.47
2015-01-31 23:00:00,DESN025,day,19.74,14.52
2015-02-01 23:00:00,DESN025,day,23.75,17.25
2015-02-02 23:00:00,DESN025,day,26.05,16.46
2015-02-03 23:00:00,DESN025,day,18.09,12.52
2015-02-04 23:00:00,DESN025,day,24.38,20.06
2015-02-05 23:00:00,DESN025,day,31.2,19.78
2015-02-06 23:00:00,DESN025,day,49.52,39.8
2015-02-07 23:00:00,DESN025,day,48.11,36.16
2015-02-08 23:00:00,DESN025,day,26.27,7.24
2015-02-09 23:00:00,DESN025,day,11.08,6.86
2015-02-10 23:00:00,DESN025,day,13.97,8.41
2015-02-11 23:00:00,DESN025,day,35.88,17.36
2015-02-12 23:00:00,DESN025,day,39.02,27.19
2015-02-13 23:00:00,DESN025,day,33.13,24.95
2015-02-14 23:00:00,DESN025,day,42.52,32.01
2015-02-15 23:00:00,DESN025,day,53.93,43.66
2015-02-16 23:00:00,DESN025,day,74.32,59.83
2015-02-17 23:00:00,DESN025,day,78.26,59.66
2015-02-18 23:00:00,DESN025,day,76.17,55.55
2015-02-19 23:00:00,DESN025,day,50.39,36.69
2015-02-20 23:00:00,DESN025,day,49.86,36.03
2015-02-21 23:00:00,DESN025,day,21.12,12.88
2015-02-22 23:00:00,DESN025,day,31.16,21.52
2015-02-23 23:00:00,DESN025,day,30.09,18.99
2015-02-24 23:00:00,DESN025,day,23.11,13.08
2015-02-25 23:00:00,DESN025,day,41.77,19.6
2015-02-26 23:00:00,DESN025,day,40.3,20.65
2015-02-27 23:00:00,DESN025,day,38.56,24.03
2015-02-28 23:00:00,DESN025,day,23.21,11.7
2015-03-01 23:00:00,DESN025,day,20.87,11.18
2015-03-02 23:00:00,DESN025,day,18.15,8.22
2015-03-03 23:00:00,DESN025,day,18.03,9.0
2015-03-04 23:00:00,DESN025,day,24.32,10.17
2015-03-05 23:00:00,DESN025,day,20.39,10.48
2015-03-06 23:00:00,DESN025,day,43.5,23.14
2015-03-07 23:00:00,DESN025,day,48.22,25.44
2015-03-08 23:00:00,DESN025,day,27.8,17.04
2015-03-09 23:00:00,DESN025,day,50.02,26.03
2015-03-10 23:00:00,DESN025,day,54.03,35.31
2015-03-11 23:00:00,DESN025,day,27.66,11.45
2015-03-12 23:00:00,DESN025,day,30.47,13.64
2015-03-13 23:00:00,DESN025,day,33.22,20.67
2015-03-14 23:00:00,DESN025,day,25.78,19.05
2015-03-15 23:00:00,DESN025,day,23.33,18.94
2015-03-16 23:00:00,DESN025,day,35.68,24.75
2015-03-17 23:00:00,DESN025,day,36.34,20.76
2015-03-18 23:00:00,DESN025,day,44.3,28.93
2015-03-19 23:00:00,DESN025,day,55.57,38.94
2015-03-20 23:00:00,DESN025,day,71.11,49.48
2015-03-21 23:00:00,DESN025,day,72.3,52.26
2015-03-22 23:00:00,DESN025,day,15.4,8.74
2015-03-23 23:00:00,DESN025,day,52.56,36.07
2015-03-24 23:00:00,DESN025,day,73.59,50.24
2015-03-25 23:00:00,DESN025,day,63.76,45.91
2015-03-26 23:00:00,DESN025,day,56.1,37.68
2015-03-27 23:00:00,DESN025,day,26.8,17.14
2015-03-28 23:00:00,DESN025,day,30.17,19.2
2015-03-29 23:00:00,DESN025,day,9.73,6.01
2015-03-30 23:00:00,DESN025,day,14.29,8.13
2015-03-31 23:00:00,DESN025,day,17.47,5.62
2015-04-01 23:00:00,DESN025,day,10.03,4.07
2015-04-02 23:00:00,DESN025,day,8.43,4.72
2015-04-03 23:00:00,DESN025,day,17.89,8.45
2015-04-04 23:00:00,DESN025,day,26.07,13.73
2015-04-05 23:00:00,DESN025,day,36.46,28.65
2015-04-06 23:00:00,DESN025,day,22.82,14.34
2015-04-07 23:00:00,DESN025,day,35.47,18.98
2015-04-08 23:00:00,DESN025,day,32.42,19.75
2015-04-09 23:00:00,DESN025,day,36.91,23.35
2015-04-10 23:00:00,DESN025,day,42.12,24.61
2015-04-11 23:00:00,DESN025,day,30.6,17.2
2015-04-12 23:00:00,DESN025,day,15.65,6.43
2015-04-13 23:00:00,DESN025,day,19.47,8.32
2015-04-14 23:00:00,DESN025,day,38.11,19.34
2015-04-15 23:00:00,DESN025,day,41.39,16.6
2015-04-16 23:00:00,DESN025,day,28.38,14.03
2015-04-17 23:00:00,DESN025,day,19.81,7.91
2015-04-18 23:00:00,DESN025,day,18.67,9.15
2015-04-19 23:00:00,DESN025,day,22.6,13.52
2015-04-20 23:00:00,DESN025,day,25.02,11.66
2015-04-21 23:00:00,DESN025,day,33.23,9.54
2015-04-22 23:00:00,DESN025,day,23.68,12.38
2015-04-23 23:00:00,DESN025,day,38.84,21.83
2015-04-24 23:00:00,DESN025,day,41.3,20.6
2015-04-25 23:00:00,DESN025,day,28.56,15.88
2015-04-26 23:00:00,DESN025,day,14.72,8.87
2015-04-27 23:00:00,DESN025,day,18.14,9.47
2015-04-28 23:00:00,DESN025,day,15.86,9.58
2015-04-29 23:00:00,DESN025,day,20.89,14.76
2015-04-30 23:00:00,DESN025,day,22.93,11.46
2015-05-01 23:00:00,DESN025,day,17.17,13.0
2015-05-02 23:00:00,DESN025,day,23.22,15.6
2015-05-03 23:00:00,DESN025,day,17.07,11.82
2015-05-04 23:00:00,DESN025,day,15.01,7.06
2015-05-05 23:00:00,DESN025,day,22.85,9.56
2015-05-06 23:00:00,DESN025,day,26.78,8.95
2015-05-07 23:00:00,DESN025,day,20.59,8.12
2015-05-08 23:00:00,DESN025,day,20.98,9.12
2015-05-09 23:00:00,DESN025,day,21.23,9.58
2015-05-10 23:00:00,DESN025,day,14.48,7.8
2015-05-11 23:00:00,DESN025,day,19.17,9.43
2015-05-12 23:00:00,DESN025,day,30.98,14.48
2015-05-13 23:00:00,DESN025,day,24.61,11.64
2015-05-14 23:00:00,DESN025,day,12.19,7.16
2015-05-15 23:00:00,DESN025,day,20.48,10.47
2015-05-16 23:00:00,DESN025,day,27.38,16.84
2015-05-17 23:00:00,DESN025,day,16.32,8.5
2015-05-18 23:00:00,DESN025,day,28.01,11.43
2015-05-19 23:00:00,DESN025,day,19.93,8.18
2015-05-20 23:00:00,DESN025,day,23.39,8.93
2015-05-21 23:00:00,DESN025,day,23.81,12.82
2015-05-22 23:00:00,DESN025,day,25.27,11.12
2015-05-23 23:00:00,DESN025,day,34.88,17.44
2015-05-24 23:00:00,DESN025,day,14.84,7.82
2015-05-25 23:00:00,DESN025,day,22.67,13.92
2015-05-26 23:00:00,DESN025,day,15.51,7.44
2015-05-27 23:00:00,DESN025,day,21.02,8.31
2015-05-28 23:00:00,DESN025,day,23.03,10.1
2015-05-29 23:00:00,DESN025,day,20.72,10.47
2015-05-30 23:00:00,DESN025,day,12.91,6.38
2015-05-31 23:00:00,DESN025,day,13.74,6.84
2015-06-01 23:00:00,DESN025,day,14.54,7.69
2015-06-02 23:00:00,DESN025,day,18.92,8.04
2015-06-03 23:00:00,DESN025,day,22.57,9.82
2015-06-04 23:00:00,DESN025,day,22.32,9.15
2015-06-05 23:00:00,DESN025,day,28.08,13.52
2015-06-06 23:00:00,DESN025,day,27.77,17.22
2015-06-07 23:00:00,DESN025,day,18.16,9.69
2015-06-08 23:00:00,DESN025,day,19.74,8.55
2015-06-09 23:00:00,DESN025,day,14.68,7.18
2015-06-10 23:00:00,DESN025,day,17.23,9.44
2015-06-11 23:00:00,DESN025,day,24.44,13.75
2015-06-12 23:00:00,DESN025,day,22.06,17.46
2015-06-13 23:00:00,DESN025,day,29.29,19.77
2015-06-14 23:00:00,DESN025,day,18.16,10.96
2015-06-15 23:00:00,DESN025,day,13.96,7.33
2015-06-16 23:00:00,DESN025,day,16.83,8.27
2015-06-17 23:00:00,DESN025,day,20.63,9.3
2015-06-18 23:00:00,DESN025,day,18.14,10.69
2015-06-19 23:00:00,DESN025,day,12.79,6.24
2015-06-20 23:00:00,DESN025,day,11.72,6.25
2015-06-21 23:00:00,DESN025,day,12.13,7.4
2015-06-22 23:00:00,DESN025,day,15.25,8.41
2015-06-23 23:00:00,DESN025,day,9.72,5.75
2015-06-24 23:00:00,DESN025,day,13.65,6.95
2015-06-25 23:00:00,DESN025,day,26.33,14.09
2015-06-26 23:00:00,DESN025,day,30.2,16.96
2015-06-27 23:00:00,DESN025,day,19.49,11.39
2015-06-28 23:00:00,DESN025,day,12.42,6.55
2015-06-29 23:00:00,DESN025,day,22.84,11.66
2015-06-30 23:00:00,DESN025,day,22.23,12.13
2015-07-01 23:00:00,DESN025,day,19.88,10.28
2015-07-02 23:00:00,DESN025,day,24.68,13.79
2015-07-03 23:00:00,DESN025,day,38.91,22.77
2015-07-04 23:00:00,DESN025,day,32.99,23.22
2015-07-05 23:00:00,DESN025,day,30.39,17.69
2015-07-06 23:00:00,DESN025,day,18.79,10.4
2015-07-07 23:00:00,DESN025,day,23.96,12.62
2015-07-08 23:00:00,DESN025,day,18.51,7.31
2015-07-09 23:00:00,DESN025,day,14.7,6.0
2015-07-10 23:00:00,DESN025,day,19.05,8.18
2015-07-11 23:00:00,DESN025,day,22.24,10.51
2015-07-12 23:00:00,DESN025,day,20.98,12.29
2015-07-13 23:00:00,DESN025,day,18.99,7.98
2015-07-14 23:00:00,DESN025,day,16.05,7.2
2015-07-15 23:00:00,DESN025,day,18.57,9.4
2015-07-16 23:00:00,DESN025,day,20.3,11.96
2015-07-17 23:00:00,DESN025,day,32.48,15.93
2015-07-18 23:00:00,DESN025,day,30.56,16.88
2015-07-19 23:00:00,DESN025,day,20.17,11.88
2015-07-20 23:00:00,DESN025,day,19.43,10.33
2015-07-21 23:00:00,DESN025,day,19.35,8.7
2015-07-22 23:00:00,DESN025,day,22.61,13.09
2015-07-23 23:00:00,DESN025,day,25.23,12.25
2015-07-24 23:00:00,DESN025,day,20.98,11.94
2015-07-25 23:00:00,DESN025,day,19.92,8.51
2015-07-26 23:00:00,DESN025,day,13.26,5.5
2015-07-27 23:00:00,DESN025,day,14.19,6.3
2015-07-28 23:00:00,DESN025,day,12.28,5.14
2015-07-29 23:00:00,DESN025,day,17.23,6.66
2015-07-30 23:00:00,DESN025,day,15.65,7.03
2015-07-31 23:00:00,DESN025,day,20.45,8.02
2015-08-01 23:00:00,DESN025,day,23.25,10.88
2015-08-02 23:00:00,DESN025,day,28.24,15.72
2015-08-03 23:00:00,DESN025,day,30.74,16.39
2015-08-05 23:00:00,DESN025,day,20.59,9.16
2015-08-06 23:00:00,DESN025,day,27.07,12.78
2015-08-07 23:00:00,DESN025,day,39.01,18.85
2015-08-08 23:00:00,DESN025,day,25.08,14.09
2015-08-09 23:00:00,DESN025,day,14.66,9.19
2015-08-10 23:00:00,DESN025,day,29.33,16.22
2015-08-11 23:00:00,DESN025,day,28.71,14.9
2015-08-12 23:00:00,DESN025,day,21.83,10.88
2015-08-13 23:00:00,DESN025,day,28.54,15.94
2015-08-14 23:00:00,DESN025,day,30.1,18.25
2015-08-15 23:00:00,DESN025,day,19.99,12.38
2015-08-16 23:00:00,DESN025,day,26.54,22.34
2015-08-17 23:00:00,DESN025,day,17.9,9.63
2015-08-18 23:00:00,DESN025,day,10.09,7.23
2015-08-19 23:00:00,DESN025,day,21.33,17.93
2015-08-20 23:00:00,DESN025,day,22.81,14.95
2015-08-21 23:00:00,DESN025,day,32.91,21.17
2015-08-22 23:00:00,DESN025,day,35.59,24.15
2015-08-23 23:00:00,DESN025,day,24.75,18.94
2015-08-24 23:00:00,DESN025,day,17.41,12.02
2015-08-25 23:00:00,DESN025,day,14.11,6.17
2015-08-26 23:00:00,DESN025,day,16.2,7.23
2015-08-27 23:00:00,DESN025,day,20.17,9.09
2015-08-28 23:00:00,DESN025,day,12.32,8.1
2015-08-29 23:00:00,DESN025,day,17.59,11.66
2015-08-30 23:00:00,DESN025,day,19.49,13.38
2015-08-31 23:00:00,DESN025,day,34.62,18.38
2015-09-01 23:00:00,DESN025,day,25.75,13.03
2015-09-02 23:00:00,DESN025,day,15.36,7.49
2015-09-03 23:00:00,DESN025,day,17.06,10.73
2015-09-04 23:00:00,DESN025,day,21.37,11.5
2015-09-05 23:00:00,DESN025,day,11.35,4.75
2015-09-06 23:00:00,DESN025,day,11.86,3.81
2015-09-07 23:00:00,DESN025,day,12.87,5.9
2015-09-08 23:00:00,DESN025,day,18.53,7.55
2015-09-09 23:00:00,DESN025,day,10.39,5.2
2015-09-10 23:00:00,DESN025,day,13.8,8.01
2015-09-11 23:00:00,DESN025,day,20.43,15.17
2015-09-12 23:00:00,DESN025,day,19.53,13.74
2015-09-13 23:00:00,DESN025,day,18.95,13.97
2015-09-14 23:00:00,DESN025,day,21.33,14.01
2015-09-15 23:00:00,DESN025,day,16.43,7.19
2015-09-16 23:00:00,DESN025,day,16.81,9.28
2015-09-17 23:00:00,DESN025,day,12.78,6.81
2015-09-18 23:00:00,DESN025,day,17.71,8.32
2015-09-19 23:00:00,DESN025,day,16.41,9.39
2015-09-20 23:00:00,DESN025,day,11.22,6.94
2015-09-21 23:00:00,DESN025,day,25.64,19.01
2015-09-22 23:00:00,DESN025,day,16.92,9.81
2015-09-23 23:00:00,DESN025,day,15.13,7.58
2015-09-24 23:00:00,DESN025,day,18.63,10.44
2015-09-25 23:00:00,DESN025,day,27.0,14.61
2015-09-26 23:00:00,DESN025,day,22.86,11.45
2015-09-27 23:00:00,DESN025,day,17.82,8.38
2015-09-28 23:00:00,DESN025,day,19.68,8.67
2015-09-29 23:00:00,DESN025,day,20.26,8.53
2015-09-30 23:00:00,DESN025,day,27.6,10.71
2015-10-01 23:00:00,DESN025,day,27.85,13.93
2015-10-02 23:00:00,DESN025,day,44.56,19.57
2015-10-03 23:00:00,DESN025,day,35.96,24.25
2015-10-04 23:00:00,DESN025,day,44.74,30.27
2015-10-05 23:00:00,DESN025,day,47.17,30.89
2015-10-06 23:00:00,DESN025,day,33.66,26.38
2015-10-07 23:00:00,DESN025,day,23.06,16.41
2015-10-08 23:00:00,DESN025,day,25.23,16.25
2015-10-09 23:00:00,DESN025,day,38.75,26.93
2015-10-10 23:00:00,DESN025,day,33.55,21.91
2015-10-11 23:00:00,DESN025,day,26.06,16.7
2015-10-12 23:00:00,DESN025,day,33.9,21.89
2015-10-13 23:00:00,DESN025,day,32.94,25.9
2015-10-14 23:00:00,DESN025,day,28.16,21.41
2015-10-15 23:00:00,DESN025,day,25.74,17.52
2015-10-16 23:00:00,DESN025,day,21.0,16.01
2015-10-17 23:00:00,DESN025,day,21.26,17.7
2015-10-18 23:00:00,DESN025,day,25.0,18.87
2015-10-19 23:00:00,DESN025,day,41.56,32.44
2015-10-20 23:00:00,DESN025,day,28.96,22.72
2015-10-21 23:00:00,DESN025,day,39.6,31.65
2015-10-22 23:00:00,DESN025,day,27.04,17.77
2015-10-23 23:00:00,DESN025,day,30.29,14.36
2015-10-24 23:00:00,DESN025,day,35.32,20.89
2015-10-25 23:00:00,DESN025,day,29.99,22.32
2015-10-26 23:00:00,DESN025,day,23.85,16.02
2015-10-27 23:00:00,DESN025,day,40.13,27.3
2015-10-28 23:00:00,DESN025,day,46.01,32.74
2015-10-29 23:00:00,DESN025,day,60.02,38.86
2015-10-30 23:00:00,DESN025,day,58.22,41.75
2015-10-31 23:00:00,DESN025,day,49.33,34.5
2015-11-01 23:00:00,DESN025,day,43.93,30.33
2015-11-02 23:00:00,DESN025,day,44.9,24.07
2015-11-03 23:00:00,DESN025,day,59.59,33.43
2015-11-04 23:00:00,DESN025,day,53.17,32.33
2015-11-05 23:00:00,DESN025,day,45.08,25.36
2015-11-06 23:00:00,DESN025,day,37.8,23.09
2015-11-07 23:00:00,DESN025,day,14.99,9.13
2015-11-08 23:00:00,DESN025,day,17.12,9.19
2015-11-09 23:00:00,DESN025,day,17.09,9.15
2015-11-10 23:00:00,DESN025,day,17.69,8.58
2015-11-11 23:00:00,DESN025,day,14.99,9.04
2015-11-12 23:00:00,DESN025,day,25.81,14.13
2015-11-13 23:00:00,DESN025,day,23.38,14.49
2015-11-14 23:00:00,DESN025,day,13.21,5.67
2015-11-15 23:00:00,DESN025,day,5.93,2.79
2015-11-16 23:00:00,DESN025,day,16.13,8.99
2015-11-17 23:00:00,DESN025,day,10.38,6.4
2015-11-18 23:00:00,DESN025,day,12.06,5.48
2015-11-19 23:00:00,DESN025,day,11.21,5.87
2015-11-20 23:00:00,DESN025,day,16.22,8.37
2015-11-21 23:00:00,DESN025,day,18.93,10.29
2015-11-22 23:00:00,DESN025,day,11.07,6.94
2015-11-23 23:00:00,DESN025,day,14.2,9.66
2015-11-24 23:00:00,DESN025,day,23.3,15.55
2015-11-25 23:00:00,DESN025,day,21.4,12.5
2015-11-26 23:00:00,DESN025,day,31.65,14.84
2015-11-27 23:00:00,DESN025,day,31.53,16.89
2015-11-28 23:00:00,DESN025,day,19.5,12.18
2015-11-29 23:00:00,DESN025,day,6.87,3.23
2015-11-30 23:00:00,DESN025,day,11.84,5.72
2015-12-01 23:00:00,DESN025,day,13.63,6.66
2015-12-02 23:00:00,DESN025,day,22.13,10.35
2015-12-03 23:00:00,DESN025,day,30.91,16.05
2015-12-04 23:00:00,DESN025,day,24.03,17.25
2015-12-05 23:00:00,DESN025,day,17.39,11.68
2015-12-06 23:00:00,DESN025,day,18.35,11.64
2015-12-07 23:00:00,DESN025,day,32.72,17.0
2015-12-08 23:00:00,DESN025,day,34.23,19.33
2015-12-09 23:00:00,DESN025,day,25.41,13.75
2015-12-10 23:00:00,DESN025,day,24.46,12.59
2015-12-11 23:00:00,DESN025,day,20.2,11.73
2015-12-12 23:00:00,DESN025,day,16.89,8.73
2015-12-13 23:00:00,DESN025,day,12.71,7.14
2015-12-14 23:00:00,DESN025,day,25.33,15.77
2015-12-15 23:00:00,DESN025,day,46.35,26.92
2015-12-16 23:00:00,DESN025,day,33.4,22.48
2015-12-17 23:00:00,DESN025,day,17.39,8.48
2015-12-18 23:00:00,DESN025,day,23.48,13.76
2015-12-19 23:00:00,DESN025,day,24.7,15.54
2015-12-20 23:00:00,DESN025,day,22.46,13.01
2015-12-21 23:00:00,DESN025,day,16.55,9.71
2015-12-22 23:00:00,DESN025,day,11.92,5.92
2015-12-23 23:00:00,DESN025,day,18.38,9.0
2015-12-24 23:00:00,DESN025,day,16.33,10.57
2015-12-25 23:00:00,DESN025,day,10.74,6.09
2015-12-26 23:00:00,DESN025,day,10.57,5.86
2015-12-27 23:00:00,DESN025,day,24.97,12.53
2015-12-28 23:00:00,DESN025,day,44.35,18.4
2015-12-29 23:00:00,DESN025,day,25.45,16.52
2015-12-30 23:00:00,DESN025,day,25.81,19.4
2015-12-31 23:00:00,DESN025,day,23.61,17.35
2016-01-01 23:00:00,DESN025,day,53.85,38.03
2016-01-02 23:00:00,DESN025,day,34.42,27.0
2016-01-03 23:00:00,DESN025,day,53.14,44.1
2016-01-04 23:00:00,DESN025,day,48.74,43.78999999
2016-01-05 23:00:00,DESN025,day,74.81,68.12
2016-01-06 23:00:00,DESN025,day,125.36,112.48999999
2016-01-07 23:00:00,DESN025,day,104.73,99.26
2016-01-08 23:00:00,DESN025,day,15.55,7.96
2016-01-09 23:00:00,DESN025,day,19.21,12.81
2016-01-10 23:00:00,DESN025,day,14.52999999,10.41
2016-01-11 23:00:00,DESN025,day,11.3,7.83999999
2016-01-12 23:00:00,DESN025,day,10.46,6.04999999
2016-01-13 23:00:00,DESN025,day,10.01,5.54
2016-01-14 23:00:00,DESN025,day,16.87999999,9.58999999
2016-01-15 23:00:00,DESN025,day,19.17,13.18999999
2016-01-16 23:00:00,DESN025,day,29.85999999,21.25
2016-01-17 23:00:00,DESN025,day,22.21,19.17
2016-01-18 23:00:00,DESN025,day,27.14999999,20.76
2016-01-19 23:00:00,DESN025,day,42.03,25.25
2016-01-20 23:00:00,DESN025,day,36.74,30.19
2016-01-21 23:00:00,DESN025,day,32.10999999,21.51
2016-01-22 23:00:00,DESN025,day,42.07,27.89999999
2016-01-23 23:00:00,DESN025,day,38.07,25.48999999
2016-01-24 23:00:00,DESN025,day,20.5,12.77
2016-01-25 23:00:00,DESN025,day,16.39,12.07
2016-01-26 23:00:00,DESN025,day,25.14999999,12.71
2016-01-27 23:00:00,DESN025,day,19.14999999,8.35999999
2016-01-28 23:00:00,DESN025,day,24.14,9.56
2016-01-29 23:00:00,DESN025,day,23.05,10.26
2016-01-30 23:00:00,DESN025,day,12.22,5.9
2016-01-31 23:00:00,DESN025,day,12.02999999,4.05999999
2016-02-01 23:00:00,DESN025,day,12.44,6.37
2016-02-02 23:00:00,DESN025,day,8.0,4.23
2016-02-03 23:00:00,DESN025,day,21.0,8.82
2016-02-04 23:00:00,DESN025,day,14.64,7.95
2016-02-05 23:00:00,DESN025,day,17.21999999,11.21
2016-02-06 23:00:00,DESN025,day,16.21,11.22
2016-02-07 23:00:00,DESN025,day,19.48,11.83
2016-02-08 23:00:00,DESN025,day,12.89,5.33
2016-02-09 23:00:00,DESN025,day,12.93,5.30999999
2016-02-10 23:00:00,DESN025,day,13.09,5.71999999
2016-02-11 23:00:00,DESN025,day,18.07999999,9.25
2016-02-12 23:00:00,DESN025,day,28.07,15.76
2016-02-13 23:00:00,DESN025,day,31.05999999,22.14
2016-02-14 23:00:00,DESN025,day,20.96,15.98
2016-02-15 23:00:00,DESN025,day,21.12999999,15.60999999
2016-02-16 23:00:00,DESN025,day,16.94,9.66
2016-02-17 23:00:00,DESN025,day,29.48999999,25.44
2016-02-18 23:00:00,DESN025,day,35.53999999,23.82999999
2016-02-19 23:00:00,DESN025,day,51.28999999,35.75999999
2016-02-20 23:00:00,DESN025,day,17.55999999,11.85
2016-02-21 23:00:00,DESN025,day,4.45999999,2.22
2016-02-22 23:00:00,DESN025,day,7.25999999,3.18999999
2016-02-23 23:00:00,DESN025,day,14.44,7.13999999
2016-02-24 23:00:00,DESN025,day,19.43,8.75
2016-02-25 23:00:00,DESN025,day,29.21,17.66
2016-02-26 23:00:00,DESN025,day,36.60999999,23.0
2016-02-27 23:00:00,DESN025,day,32.78,24.87999999
2016-02-28 23:00:00,DESN025,day,48.92,37.93
2016-02-29 23:00:00,DESN025,day,39.14999999,29.12
2016-03-01 23:00:00,DESN025,day,31.82999999,22.82999999
2016-03-02 23:00:00,DESN025,day,19.57,11.52
2016-03-03 23:00:00,DESN025,day,28.46999999,13.82
2016-03-04 23:00:00,DESN025,day,25.82999999,14.43
2016-03-05 23:00:00,DESN025,day,28.07999999,17.82999999
2016-03-06 23:00:00,DESN025,day,20.52,17.12999999
2016-03-07 23:00:00,DESN025,day,32.39999999,23.48999999
2016-03-08 23:00:00,DESN025,day,58.82999999,40.5
2016-03-09 23:00:00,DESN025,day,40.13,30.46999999
2016-03-10 23:00:00,DESN025,day,55.5,40.50999999
2016-03-11 23:00:00,DESN025,day,45.39,30.76
2016-03-12 23:00:00,DESN025,day,24.07999999,16.12999999
2016-03-13 23:00:00,DESN025,day,21.93,15.42
2016-03-14 23:00:00,DESN025,day,28.57999999,20.48
2016-03-15 23:00:00,DESN025,day,22.35999999,15.07
2016-03-16 23:00:00,DESN025,day,26.19,19.07
2016-03-17 23:00:00,DESN025,day,48.81,34.14999999
2016-03-18 23:00:00,DESN025,day,49.42,33.52
2016-03-19 23:00:00,DESN025,day,27.53,15.46
2016-03-20 23:00:00,DESN025,day,15.03999999,7.73
2016-03-21 23:00:00,DESN025,day,15.74,8.27999999
2016-03-22 23:00:00,DESN025,day,19.55,11.52
2016-03-23 23:00:00,DESN025,day,25.89,16.14999999
2016-03-24 23:00:00,DESN025,day,34.75999999,21.09
2016-03-25 23:00:00,DESN025,day,23.96,21.3
2016-03-26 23:00:00,DESN025,day,19.66,14.18999999
2016-03-27 23:00:00,DESN025,day,16.03,12.08
2016-03-28 23:00:00,DESN025,day,9.75999999,5.78
2016-03-29 23:00:00,DESN025,day,14.44999999,5.21999999
2016-03-30 23:00:00,DESN025,day,14.6,6.30999999
2016-03-31 23:00:00,DESN025,day,17.76,9.03999999
2016-04-01 23:00:00,DESN025,day,18.16,12.39
2016-04-02 23:00:00,DESN025,day,23.78,16.73999999
2016-04-03 23:00:00,DESN025,day,30.89999999,19.12
2016-04-04 23:00:00,DESN025,day,62.57999999,32.32
2016-04-05 23:00:00,DESN025,day,50.35999999,28.98
2016-04-06 23:00:00,DESN025,day,23.6,13.27
2016-04-07 23:00:00,DESN025,day,18.27,8.38
2016-04-08 23:00:00,DESN025,day,24.16,12.03999999
2016-04-09 23:00:00,DESN025,day,30.77,19.89999999
2016-04-10 23:00:00,DESN025,day,20.8,15.19999999
2016-04-11 23:00:00,DESN025,day,28.89,16.48
2016-04-12 23:00:00,DESN025,day,44.28999999,26.34
2016-04-13 23:00:00,DESN025,day,36.1,23.62
2016-04-14 23:00:00,DESN025,day,37.32999999,24.41
2016-04-15 23:00:00,DESN025,day,23.80999999,17.3
2016-04-16 23:00:00,DESN025,day,11.13,6.79999999
2016-04-17 23:00:00,DESN025,day,14.17,9.49
2016-04-18 23:00:00,DESN025,day,25.53,12.77
2016-04-19 23:00:00,DESN025,day,27.64,17.17
2016-04-20 23:00:00,DESN025,day,25.76,11.19999999
2016-04-21 23:00:00,DESN025,day,44.61999999,19.55999999
2016-04-22 23:00:00,DESN025,day,24.55,12.0
2016-04-23 23:00:00,DESN025,day,18.26,8.10999999
2016-04-24 23:00:00,DESN025,day,10.53999999,4.57
2016-04-25 23:00:00,DESN025,day,14.85,7.75
2016-04-26 23:00:00,DESN025,day,10.46,5.79
2016-04-27 23:00:00,DESN025,day,15.28999999,8.16999999
2016-04-28 23:00:00,DESN025,day,15.8,9.01999999
2016-04-29 23:00:00,DESN025,day,19.42,11.88
2016-04-30 23:00:00,DESN025,day,22.07,14.46
2016-05-01 23:00:00,DESN025,day,23.21,16.89999999
2016-05-02 23:00:00,DESN025,day,22.25,14.47
2016-05-03 23:00:00,DESN025,day,29.23999999,16.28999999
2016-05-04 23:00:00,DESN025,day,19.02,8.49
2016-05-05 23:00:00,DESN025,day,18.39,11.28999999
2016-05-06 23:00:00,DESN025,day,21.01,13.66
2016-05-07 23:00:00,DESN025,day,19.82999999,13.1
2016-05-08 23:00:00,DESN025,day,16.07999999,11.28999999
2016-05-09 23:00:00,DESN025,day,17.76,10.3
2016-05-10 23:00:00,DESN025,day,18.71,11.69
2016-05-11 23:00:00,DESN025,day,23.03999999,15.65
2016-05-12 23:00:00,DESN025,day,23.71999999,14.67
2016-05-13 23:00:00,DESN025,day,22.44999999,13.97
2016-05-14 23:00:00,DESN025,day,20.55999999,10.27999999
2016-05-15 23:00:00,DESN025,day,8.64,4.75999999
2016-05-16 23:00:00,DESN025,day,9.10999999,5.04
2016-05-17 23:00:00,DESN025,day,22.12,11.92
2016-05-18 23:00:00,DESN025,day,27.78,13.73
2016-05-19 23:00:00,DESN025,day,24.82,13.5
2016-05-20 23:00:00,DESN025,day,21.96,10.88
2016-05-21 23:00:00,DESN025,day,20.98,10.35999999
2016-05-22 23:00:00,DESN025,day,15.68,9.5
2016-05-23 23:00:00,DESN025,day,18.3,9.06
2016-05-24 23:00:00,DESN025,day,22.42,10.88
2016-05-25 23:00:00,DESN025,day,31.16,17.68
2016-05-26 23:00:00,DESN025,day,38.21999999,21.44
2016-05-27 23:00:00,DESN025,day,37.93999999,24.85
2016-05-28 23:00:00,DESN025,day,24.68,16.66
2016-05-29 23:00:00,DESN025,day,23.39,16.87999999
2016-05-30 23:00:00,DESN025,day,21.87,9.14
2016-05-31 23:00:00,DESN025,day,18.43,8.3
2016-06-01 23:00:00,DESN025,day,22.78999999,12.46
2016-06-02 23:00:00,DESN025,day,17.01,8.75999999
2016-06-03 23:00:00,DESN025,day,21.14,13.15
2016-06-04 23:00:00,DESN025,day,28.09,18.39999999
2016-06-05 23:00:00,DESN025,day,29.03,18.21
2016-06-06 23:00:00,DESN025,day,25.8,14.15
2016-06-07 23:00:00,DESN025,day,22.16,11.36999999
2016-06-08 23:00:00,DESN025,day,29.12999999,13.18999999
2016-06-09 23:00:00,DESN025,day,24.42,10.61999999
2016-06-10 23:00:00,DESN025,day,22.37999999,9.65
2016-06-11 23:00:00,DESN025,day,22.41,9.73
2016-06-12 23:00:00,DESN025,day,18.41,11.27999999
2016-06-13 23:00:00,DESN025,day,20.01,11.13
2016-06-14 23:00:00,DESN025,day,15.64,6.66999999
2016-06-15 23:00:00,DESN025,day,16.52,6.54
2016-06-16 23:00:00,DESN025,day,16.57999999,6.87999999
2016-06-17 23:00:00,DESN025,day,12.53999999,7.11
2016-06-18 23:00:00,DESN025,day,13.53999999,6.16
2016-06-19 23:00:00,DESN025,day,14.23,7.00999999
2016-06-20 23:00:00,DESN025,day,18.57999999,8.85999999
2016-06-21 23:00:00,DESN025,day,14.34,7.12999999
2016-06-22 23:00:00,DESN025,day,16.09,8.05
2016-06-23 23:00:00,DESN025,day,19.85,11.22
2016-06-24 23:00:00,DESN025,day,25.53999999,13.52999999
2016-06-25 23:00:00,DESN025,day,21.87999999,14.0
2016-06-26 23:00:00,DESN025,day,11.72,7.03
2016-06-27 23:00:00,DESN025,day,14.57,6.65
2016-06-28 23:00:00,DESN025,day,15.44,8.05
2016-06-29 23:00:00,DESN025,day,14.52,6.73
2016-06-30 23:00:00,DESN025,day,18.32999999,8.50999999
2016-07-01 23:00:00,DESN025,day,17.59,8.42999999
2016-07-02 23:00:00,DESN025,day,12.23,6.54999999
2016-07-03 23:00:00,DESN025,day,9.26999999,4.58999999
2016-07-04 23:00:00,DESN025,day,15.68,6.50999999
2016-07-05 23:00:00,DESN025,day,18.30999999,7.16999999
2016-07-06 23:00:00,DESN025,day,12.49,4.65
2016-07-07 23:00:00,DESN025,day,15.9,6.75999999
2016-07-08 23:00:00,DESN025,day,22.71,9.63
2016-07-09 23:00:00,DESN025,day,15.67,7.65
2016-07-10 23:00:00,DESN025,day,16.07999999,8.74
2016-07-11 23:00:00,DESN025,day,20.64,10.10999999
2016-07-12 23:00:00,DESN025,day,21.21999999,8.23
2016-07-13 23:00:00,DESN025,day,16.87999999,7.79
2016-07-14 23:00:00,DESN025,day,13.19999999,5.62999999
2016-07-15 23:00:00,DESN025,day,11.58,5.15
2016-07-16 23:00:00,DESN025,day,16.17,8.67999999
2016-07-17 23:00:00,DESN025,day,11.77999999,6.98
2016-07-18 23:00:00,DESN025,day,14.6,7.17999999
2016-07-19 23:00:00,DESN025,day,17.85999999,8.33
2016-07-20 23:00:00,DESN025,day,13.3,6.05999999
2016-07-21 23:00:00,DESN025,day,23.10999999,12.51
2016-07-22 23:00:00,DESN025,day,25.89,12.22
2016-07-23 23:00:00,DESN025,day,20.37999999,10.61999999
2016-07-24 23:00:00,DESN025,day,23.5,17.17
2016-07-25 23:00:00,DESN025,day,26.64999999,18.27
2016-07-26 23:00:00,DESN025,day,20.1,13.6
2016-07-27 23:00:00,DESN025,day,21.07,14.23
2016-07-28 23:00:00,DESN025,day,21.5,11.65
2016-07-29 23:00:00,DESN025,day,16.80999999,8.14
2016-07-30 23:00:00,DESN025,day,17.51,7.76999999
2016-07-31 23:00:00,DESN025,day,17.21,10.49
2016-08-01 23:00:00,DESN025,day,15.13,7.24
2016-08-02 23:00:00,DESN025,day,16.23999999,8.07
2016-08-03 23:00:00,DESN025,day,11.68,5.28
2016-08-04 23:00:00,DESN025,day,18.57,7.84999999
2016-08-05 23:00:00,DESN025,day,18.37999999,8.99
2016-08-06 23:00:00,DESN025,day,15.53999999,7.98
2016-08-07 23:00:00,DESN025,day,18.19999999,7.94
2016-08-08 23:00:00,DESN025,day,23.77,8.58999999
2016-08-09 23:00:00,DESN025,day,21.93,7.82
2016-08-10 23:00:00,DESN025,day,13.58,5.37
2016-08-11 23:00:00,DESN025,day,15.46,5.69
2016-08-12 23:00:00,DESN025,day,12.92,6.38999999
2016-08-13 23:00:00,DESN025,day,16.19999999,8.47
2016-08-14 23:00:00,DESN025,day,15.02,8.59999999
2016-08-15 23:00:00,DESN025,day,14.23,5.61
2016-08-16 23:00:00,DESN025,day,15.77999999,6.98
2016-08-17 23:00:00,DESN025,day,13.09,6.54
2016-08-18 23:00:00,DESN025,day,23.44,9.64
2016-08-19 23:00:00,DESN025,day,31.03,15.0
2016-08-20 23:00:00,DESN025,day,17.39999999,9.75999999
2016-08-21 23:00:00,DESN025,day,9.77999999,3.29999999
2016-08-22 23:00:00,DESN025,day,13.78999999,4.91999999
2016-08-23 23:00:00,DESN025,day,17.89999999,7.87999999
2016-08-24 23:00:00,DESN025,day,15.24,7.66999999
2016-08-25 23:00:00,DESN025,day,22.17,11.9
2016-08-26 23:00:00,DESN025,day,24.82,12.52
2016-08-27 23:00:00,DESN025,day,27.69999999,16.96
2016-08-28 23:00:00,DESN025,day,24.6,14.85999999
2016-08-29 23:00:00,DESN025,day,17.98,7.59999999
2016-08-30 23:00:00,DESN025,day,14.67,5.67999999
2016-08-31 23:00:00,DESN025,day,22.39,8.88
2016-09-01 23:00:00,DESN025,day,34.50999999,15.07
2016-09-02 23:00:00,DESN025,day,27.12,12.73
2016-09-03 23:00:00,DESN025,day,23.5,10.41
2016-09-04 23:00:00,DESN025,day,13.85,6.95
2016-09-05 23:00:00,DESN025,day,10.81,6.12
2016-09-06 23:00:00,DESN025,day,14.44999999,8.81
2016-09-07 23:00:00,DESN025,day,20.8,14.4
2016-09-08 23:00:00,DESN025,day,30.18,19.32999999
2016-09-09 23:00:00,DESN025,day,32.78,20.39999999
2016-09-10 23:00:00,DESN025,day,27.55,20.01
2016-09-11 23:00:00,DESN025,day,30.73,21.68
2016-09-12 23:00:00,DESN025,day,32.54999999,20.75
2016-09-13 23:00:00,DESN025,day,34.00999999,21.73
2016-09-14 23:00:00,DESN025,day,35.63,23.34
2016-09-15 23:00:00,DESN025,day,22.52,11.05
2016-09-16 23:00:00,DESN025,day,39.67,20.39
2016-09-17 23:00:00,DESN025,day,25.57,16.82999999
2016-09-18 23:00:00,DESN025,day,18.82,10.99
2016-09-19 23:00:00,DESN025,day,18.39,9.13
2016-09-20 23:00:00,DESN025,day,22.35999999,11.13
2016-09-21 23:00:00,DESN025,day,22.14999999,11.96
2016-09-22 23:00:00,DESN025,day,22.73,13.94999999
2016-09-23 23:00:00,DESN025,day,33.6,19.1
2016-09-24 23:00:00,DESN025,day,32.18,23.60999999
2016-09-25 23:00:00,DESN025,day,21.39999999,15.74
2016-09-26 23:00:00,DESN025,day,34.96999999,20.59
2016-09-27 23:00:00,DESN025,day,39.24,24.3
2016-09-28 23:00:00,DESN025,day,28.01,14.18
2016-09-29 23:00:00,DESN025,day,20.94,8.60999999
2016-09-30 23:00:00,DESN025,day,16.94,6.87
2016-10-01 23:00:00,DESN025,day,18.34,10.75
2016-10-02 23:00:00,DESN025,day,10.74,5.91
2016-10-03 23:00:00,DESN025,day,9.08999999,6.78
2016-10-04 23:00:00,DESN025,day,8.38,4.28
2016-10-05 23:00:00,DESN025,day,8.33999999,4.21999999
2016-10-06 23:00:00,DESN025,day,6.37,3.64999999
2016-10-07 23:00:00,DESN025,day,8.25,4.17999999
2016-10-08 23:00:00,DESN025,day,9.24,4.87999999
2016-10-09 23:00:00,DESN025,day,8.66999999,5.91
2016-10-10 23:00:00,DESN025,day,21.0,14.39
2016-10-11 23:00:00,DESN025,day,19.77,13.41
2016-10-12 23:00:00,DESN025,day,9.41999999,6.42999999
2016-10-13 23:00:00,DESN025,day,16.14999999,11.3
2016-10-14 23:00:00,DESN025,day,25.32999999,20.27
2016-10-15 23:00:00,DESN025,day,26.98999999,20.35999999
2016-10-16 23:00:00,DESN025,day,24.43,16.28999999
2016-10-17 23:00:00,DESN025,day,33.57999999,25.30999999
2016-10-18 23:00:00,DESN025,day,31.71999999,22.98
2016-10-19 23:00:00,DESN025,day,12.15,6.58
2016-10-20 23:00:00,DESN025,day,10.69999999,7.29999999
2016-10-21 23:00:00,DESN025,day,14.52,11.06
2016-10-22 23:00:00,DESN025,day,23.02,18.39
2016-10-23 23:00:00,DESN025,day,21.62,17.55
2016-10-24 23:00:00,DESN025,day,26.39999999,21.35
2016-10-25 23:00:00,DESN025,day,25.82,20.43
2016-10-26 23:00:00,DESN025,day,32.38,23.66
2016-10-27 23:00:00,DESN025,day,41.49,30.05
2016-10-28 23:00:00,DESN025,day,31.18,18.28
2016-10-29 23:00:00,DESN025,day,20.30999999,8.50999999
2016-10-30 23:00:00,DESN025,day,31.28999999,11.94999999
2016-10-31 23:00:00,DESN025,day,23.80999999,13.35
2016-11-01 23:00:00,DESN025,day,23.10999999,12.1
2016-11-02 23:00:00,DESN025,day,11.26,4.32
2016-11-03 23:00:00,DESN025,day,16.01,7.79
2016-11-04 23:00:00,DESN025,day,27.98,17.16
2016-11-05 23:00:00,DESN025,day,23.69999999,18.55
2016-11-06 23:00:00,DESN025,day,21.55999999,13.98
2016-11-07 23:00:00,DESN025,day,15.96,10.85
2016-11-08 23:00:00,DESN025,day,16.19999999,11.22
2016-11-09 23:00:00,DESN025,day,24.75,17.48
2016-11-10 23:00:00,DESN025,day,26.8,21.35
2016-11-11 23:00:00,DESN025,day,40.93999999,34.92
2016-11-12 23:00:00,DESN025,day,44.45,35.00999999
2016-11-13 23:00:00,DESN025,day,28.62,23.6
2016-11-14 23:00:00,DESN025,day,35.35,20.46
2016-11-15 23:00:00,DESN025,day,22.64999999,16.41
2016-11-16 23:00:00,DESN025,day,6.83999999,4.58
2016-11-17 23:00:00,DESN025,day,11.39,5.04
2016-11-18 23:00:00,DESN025,day,10.49,4.5
2016-11-19 23:00:00,DESN025,day,9.91999999,5.5
2016-11-20 23:00:00,DESN025,day,8.67999999,4.59999999
2016-11-21 23:00:00,DESN025,day,24.76,11.42
2016-11-22 23:00:00,DESN025,day,31.12999999,18.17
2016-11-23 23:00:00,DESN025,day,39.89,22.32
2016-11-24 23:00:00,DESN025,day,33.03999999,22.71999999
2016-11-25 23:00:00,DESN025,day,28.07999999,19.8
2016-11-26 23:00:00,DESN025,day,27.85999999,20.37
2016-11-27 23:00:00,DESN025,day,17.62,8.99
2016-11-28 23:00:00,DESN025,day,16.43,7.38999999
2016-11-29 23:00:00,DESN025,day,32.74,17.57
2016-11-30 23:00:00,DESN025,day,22.80999999,13.92
2016-12-01 23:00:00,DESN025,day,28.57999999,20.14
2016-12-02 23:00:00,DESN025,day,21.19,8.68999999
2016-12-03 23:00:00,DESN025,day,41.78,24.6
2016-12-04 23:00:00,DESN025,day,52.13,38.75
2016-12-05 23:00:00,DESN025,day,40.96,25.73
2016-12-06 23:00:00,DESN025,day,45.34,31.62999999
2016-12-07 23:00:00,DESN025,day,36.54999999,24.05999999
2016-12-08 23:00:00,DESN025,day,29.35999999,14.65
2016-12-09 23:00:00,DESN025,day,25.60999999,19.71999999
2016-12-10 23:00:00,DESN025,day,25.37999999,16.66
2016-12-11 23:00:00,DESN025,day,16.39999999,9.10999999
2016-12-12 23:00:00,DESN025,day,10.53999999,5.09999999
2016-12-13 23:00:00,DESN025,day,28.69,15.60999999
2016-12-14 23:00:00,DESN025,day,26.12999999,19.53
2016-12-15 23:00:00,DESN025,day,25.64,18.02
2016-12-16 23:00:00,DESN025,day,36.43999999,25.05
2016-12-17 23:00:00,DESN025,day,36.38,29.39
2016-12-18 23:00:00,DESN025,day,31.98,26.37999999
2016-12-19 23:00:00,DESN025,day,29.77,21.98999999
2016-12-20 23:00:00,DESN025,day,32.14,26.96999999
2016-12-21 23:00:00,DESN025,day,34.61999999,25.55
2016-12-22 23:00:00,DESN025,day,26.64,19.37
2016-12-23 23:00:00,DESN025,day,19.32,13.28999999
2016-12-24 23:00:00,DESN025,day,11.57,6.88999999
2016-12-25 23:00:00,DESN025,day,7.01999999,3.04999999
2016-12-26 23:00:00,DESN025,day,6.96,2.45999999
2016-12-27 23:00:00,DESN025,day,17.96,6.12999999
2016-12-28 23:00:00,DESN025,day,18.1,7.54999999
2016-12-29 23:00:00,DESN025,day,29.37,15.69
2016-12-30 23:00:00,DESN025,day,24.28,15.85
2016-12-31 23:00:00,DESN025,day,32.39999999,21.67
2017-01-01 23:00:00,DESN025,day,69.01,53.78
2017-01-02 23:00:00,DESN025,day,29.9,24.37
2017-01-03 23:00:00,DESN025,day,13.92,10.17
2017-01-04 23:00:00,DESN025,day,10.55,4.3
2017-01-05 23:00:00,DESN025,day,7.71,4.23
2017-01-06 23:00:00,DESN025,day,18.97,12.07
2017-01-07 23:00:00,DESN025,day,29.86,16.92
2017-01-08 23:00:00,DESN025,day,28.81,20.84
2017-01-09 23:00:00,DESN025,day,31.47,24.02
2017-01-10 23:00:00,DESN025,day,27.85,21.52
2017-01-11 23:00:00,DESN025,day,27.09,19.59
2017-01-12 23:00:00,DESN025,day,18.27,8.11
2017-01-13 23:00:00,DESN025,day,9.26,4.14
2017-01-14 23:00:00,DESN025,day,11.53,6.75
2017-01-15 23:00:00,DESN025,day,9.92,5.55
2017-01-16 23:00:00,DESN025,day,16.45,11.2
2017-01-17 23:00:00,DESN025,day,26.76,20.33
2017-01-18 23:00:00,DESN025,day,30.28,25.3
2017-01-19 23:00:00,DESN025,day,53.33,42.35
2017-01-20 23:00:00,DESN025,day,81.1,54.59
2017-01-21 23:00:00,DESN025,day,56.54,46.92
2017-01-22 23:00:00,DESN025,day,62.56,55.45
2017-01-23 23:00:00,DESN025,day,49.06,41.15
2017-01-24 23:00:00,DESN025,day,,37.67
2017-01-25 23:00:00,DESN025,day,71.11,48.76
2017-01-26 23:00:00,DESN025,day,47.16,36.71
2017-01-27 23:00:00,DESN025,day,56.17,39.46
2017-01-28 23:00:00,DESN025,day,62.38,47.09
2017-01-29 23:00:00,DESN025,day,55.2,38.96
2017-01-30 23:00:00,DESN025,day,45.52,35.56
2017-01-31 23:00:00,DESN025,day,24.79,17.58
2017-02-01 23:00:00,DESN025,day,64.31,53.65
2017-02-02 23:00:00,DESN025,day,34.27,29.08
2017-02-03 23:00:00,DESN025,day,28.86,23.24
2017-02-04 23:00:00,DESN025,day,28.29,23.31
2017-02-05 23:00:00,DESN025,day,21.57,17.74
2017-02-06 23:00:00,DESN025,day,38.89,34.93
2017-02-07 23:00:00,DESN025,day,51.65,46.17
2017-02-08 23:00:00,DESN025,day,53.41,41.39
2017-02-09 23:00:00,DESN025,day,53.47,47.96
2017-02-10 23:00:00,DESN025,day,75.45,63.38
2017-02-11 23:00:00,DESN025,day,80.63,69.63
2017-02-12 23:00:00,DESN025,day,81.14,70.29
2017-02-13 23:00:00,DESN025,day,84.17,68.56
2017-02-14 23:00:00,DESN025,day,103.67,79.98
2017-02-15 23:00:00,DESN025,day,112.18,65.65
2017-02-16 23:00:00,DESN025,day,67.75,45.61
2017-02-17 23:00:00,DESN025,day,32.81,26.91
2017-02-18 23:00:00,DESN025,day,24.24,15.28
2017-02-19 23:00:00,DESN025,day,24.64,18.11
2017-02-20 23:00:00,DESN025,day,22.15,17.39
2017-02-21 23:00:00,DESN025,day,18.24,7.36
2017-02-22 23:00:00,DESN025,day,11.67,4.73
2017-02-23 23:00:00,DESN025,day,12.19,6.4
2017-02-24 23:00:00,DESN025,day,15.01,5.48
2017-02-25 23:00:00,DESN025,day,23.07,10.61
2017-02-26 23:00:00,DESN025,day,22.58,11.65
2017-02-27 23:00:00,DESN025,day,29.8,13.19
2017-02-28 23:00:00,DESN025,day,16.51,5.95
2017-03-01 23:00:00,DESN025,day,11.24,4.5
2017-03-02 23:00:00,DESN025,day,12.69,5.24
2017-03-03 23:00:00,DESN025,day,26.49,11.47
2017-03-04 23:00:00,DESN025,day,30.99,15.31
2017-03-05 23:00:00,DESN025,day,13.48,4.64
2017-03-06 23:00:00,DESN025,day,12.83,5.97
2017-03-07 23:00:00,DESN025,day,17.12,11.38
2017-03-08 23:00:00,DESN025,day,28.22,19.33
2017-03-09 23:00:00,DESN025,day,17.77,11.93
2017-03-10 23:00:00,DESN025,day,19.34,7.48
2017-03-11 23:00:00,DESN025,day,38.62,15.75
2017-03-12 23:00:00,DESN025,day,23.42,16.32
2017-03-13 23:00:00,DESN025,day,38.31,25.3
2017-03-14 23:00:00,DESN025,day,48.85,25.45
2017-03-15 23:00:00,DESN025,day,37.69,20.36
2017-03-16 23:00:00,DESN025,day,41.25,17.08
2017-03-17 23:00:00,DESN025,day,39.72,22.02
2017-03-18 23:00:00,DESN025,day,12.92,7.49
2017-03-19 23:00:00,DESN025,day,11.99,5.54
2017-03-20 23:00:00,DESN025,day,17.5,6.53
2017-03-21 23:00:00,DESN025,day,13.08,6.83
2017-03-22 23:00:00,DESN025,day,14.96,8.85
2017-03-23 23:00:00,DESN025,day,24.87,20.3
2017-03-24 23:00:00,DESN025,day,25.17,16.16
2017-03-25 23:00:00,DESN025,day,29.69,16.79
2017-03-26 23:00:00,DESN025,day,21.16,11.63
2017-03-27 23:00:00,DESN025,day,30.3,16.38
2017-03-28 23:00:00,DESN025,day,39.19,19.49
2017-03-29 23:00:00,DESN025,day,39.94,20.26
2017-03-30 23:00:00,DESN025,day,34.93,19.49
2017-03-31 23:00:00,DESN025,day,28.84,14.7
2017-04-01 23:00:00,DESN025,day,35.26,22.67
2017-04-02 23:00:00,DESN025,day,29.56,19.65
2017-04-03 23:00:00,DESN025,day,32.28,18.86
2017-04-04 23:00:00,DESN025,day,30.53,17.96
2017-04-05 23:00:00,DESN025,day,38.07,22.94
2017-04-06 23:00:00,DESN025,day,22.52,8.49
2017-04-07 23:00:00,DESN025,day,26.84,10.33
2017-04-08 23:00:00,DESN025,day,26.97,17.0
2017-04-09 23:00:00,DESN025,day,37.6,28.08
2017-04-10 23:00:00,DESN025,day,39.83,22.86
2017-04-11 23:00:00,DESN025,day,22.76,7.62
2017-04-12 23:00:00,DESN025,day,26.31,16.59
2017-04-13 23:00:00,DESN025,day,15.82,7.82
2017-04-14 23:00:00,DESN025,day,16.83,9.28
2017-04-15 23:00:00,DESN025,day,27.21,17.25
2017-04-16 23:00:00,DESN025,day,16.15,8.63
2017-04-17 23:00:00,DESN025,day,10.82,7.18
2017-04-18 23:00:00,DESN025,day,11.62,8.82
2017-04-19 23:00:00,DESN025,day,12.34,5.97
2017-04-20 23:00:00,DESN025,day,18.44,10.39
2017-04-21 23:00:00,DESN025,day,39.08,25.92
2017-04-22 23:00:00,DESN025,day,16.24,6.89
2017-04-23 23:00:00,DESN025,day,9.21,3.72
2017-04-24 23:00:00,DESN025,day,18.34,9.22
2017-04-25 23:00:00,DESN025,day,23.8,10.22
2017-04-26 23:00:00,DESN025,day,26.79,15.41
2017-04-27 23:00:00,DESN025,day,35.67,22.13
2017-04-28 23:00:00,DESN025,day,36.51,25.09
2017-04-29 23:00:00,DESN025,day,25.86,17.37
2017-04-30 23:00:00,DESN025,day,16.91,11.94
2017-05-01 23:00:00,DESN025,day,22.17,16.9
2017-05-02 23:00:00,DESN025,day,13.16,8.96
2017-05-03 23:00:00,DESN025,day,22.4,16.12
2017-05-04 23:00:00,DESN025,day,21.32,13.19
2017-05-05 23:00:00,DESN025,day,19.22,12.57
2017-05-06 23:00:00,DESN025,day,25.59,19.21
2017-05-07 23:00:00,DESN025,day,18.99,13.69
2017-05-08 23:00:00,DESN025,day,17.25,9.37
2017-05-09 23:00:00,DESN025,day,13.8,7.29
2017-05-10 23:00:00,DESN025,day,25.45,12.46
2017-05-11 23:00:00,DESN025,day,21.51,10.15
2017-05-12 23:00:00,DESN025,day,20.61,10.95
2017-05-13 23:00:00,DESN025,day,23.47,15.83
2017-05-14 23:00:00,DESN025,day,15.81,10.01
2017-05-15 23:00:00,DESN025,day,20.02,9.84
2017-05-16 23:00:00,DESN025,day,21.89,10.57
2017-05-17 23:00:00,DESN025,day,21.49,12.42
2017-05-18 23:00:00,DESN025,day,22.11,11.2
2017-05-19 23:00:00,DESN025,day,21.84,11.64
2017-05-20 23:00:00,DESN025,day,12.65,7.41
2017-05-21 23:00:00,DESN025,day,13.63,9.4
2017-05-22 23:00:00,DESN025,day,18.6,8.85
2017-05-23 23:00:00,DESN025,day,28.08,14.28
2017-05-24 23:00:00,DESN025,day,19.24,7.38
2017-05-25 23:00:00,DESN025,day,16.37,9.18
2017-05-26 23:00:00,DESN025,day,17.44,9.77
2017-05-27 23:00:00,DESN025,day,12.92,7.53
2017-05-28 23:00:00,DESN025,day,19.59,10.52
2017-05-29 23:00:00,DESN025,day,30.55,15.38
2017-05-30 23:00:00,DESN025,day,27.19,13.69
2017-05-31 23:00:00,DESN025,day,18.79,9.01
2017-06-01 23:00:00,DESN025,day,18.65,7.5
2017-06-02 23:00:00,DESN025,day,23.06,11.1
2017-06-03 23:00:00,DESN025,day,19.22,12.45
2017-06-04 23:00:00,DESN025,day,14.18,9.72
2017-06-05 23:00:00,DESN025,day,15.63,9.35
2017-06-06 23:00:00,DESN025,day,15.14,7.54
2017-06-07 23:00:00,DESN025,day,13.03,5.35
2017-06-08 23:00:00,DESN025,day,17.99,6.96
2017-06-09 23:00:00,DESN025,day,17.28,7.75
2017-06-10 23:00:00,DESN025,day,16.65,7.77
2017-06-11 23:00:00,DESN025,day,14.5,7.92
2017-06-12 23:00:00,DESN025,day,23.76,10.85
2017-06-13 23:00:00,DESN025,day,19.51,8.23
2017-06-14 23:00:00,DESN025,day,16.46,7.72
2017-06-15 23:00:00,DESN025,day,20.32,10.22
2017-06-16 23:00:00,DESN025,day,16.89,7.88
2017-06-17 23:00:00,DESN025,day,12.64,6.06
2017-06-18 23:00:00,DESN025,day,10.76,6.65
2017-06-19 23:00:00,DESN025,day,18.76,12.34
2017-06-20 23:00:00,DESN025,day,25.14,14.56
2017-06-21 23:00:00,DESN025,day,17.28,7.64
2017-06-22 23:00:00,DESN025,day,26.99,15.05
2017-06-23 23:00:00,DESN025,day,24.18,14.68
2017-06-24 23:00:00,DESN025,day,17.66,9.43
2017-06-25 23:00:00,DESN025,day,11.22,6.32
2017-06-26 23:00:00,DESN025,day,13.71,7.37
2017-06-27 23:00:00,DESN025,day,17.85,9.6
2017-06-28 23:00:00,DESN025,day,18.44,11.46
2017-06-29 23:00:00,DESN025,day,18.09,9.37
2017-06-30 23:00:00,DESN025,day,14.87,5.87
2017-07-01 23:00:00,DESN025,day,10.76,5.11
2017-07-02 23:00:00,DESN025,day,13.77,6.12
2017-07-03 23:00:00,DESN025,day,16.16,6.63
2017-07-04 23:00:00,DESN025,day,20.07,7.41
2017-07-05 23:00:00,DESN025,day,20.02,8.97
2017-07-06 23:00:00,DESN025,day,24.36,14.05
2017-07-07 23:00:00,DESN025,day,21.25,10.83
2017-07-08 23:00:00,DESN025,day,18.25,11.57
2017-07-09 23:00:00,DESN025,day,13.88,9.96
2017-07-10 23:00:00,DESN025,day,17.29,10.63
2017-07-11 23:00:00,DESN025,day,20.53,9.58
2017-07-12 23:00:00,DESN025,day,12.73,6.46
2017-07-13 23:00:00,DESN025,day,18.8,6.58
2017-07-14 23:00:00,DESN025,day,19.56,9.29
2017-07-15 23:00:00,DESN025,day,11.64,6.84
2017-07-16 23:00:00,DESN025,day,13.87,7.06
2017-07-17 23:00:00,DESN025,day,14.91,8.57
2017-07-18 23:00:00,DESN025,day,16.19,8.73
2017-07-19 23:00:00,DESN025,day,20.89,11.24
2017-07-20 23:00:00,DESN025,day,23.34,10.32
2017-07-21 23:00:00,DESN025,day,18.79,8.54
2017-07-22 23:00:00,DESN025,day,18.44,11.36
2017-07-23 23:00:00,DESN025,day,13.96,6.11
2017-07-24 23:00:00,DESN025,day,13.65,5.5
2017-07-25 23:00:00,DESN025,day,11.62,5.1
2017-07-26 23:00:00,DESN025,day,12.85,6.0
2017-07-27 23:00:00,DESN025,day,19.17,8.54
2017-07-28 23:00:00,DESN025,day,15.98,6.24
2017-07-29 23:00:00,DESN025,day,17.69,7.82
2017-07-30 23:00:00,DESN025,day,16.12,8.27
2017-07-31 23:00:00,DESN025,day,20.84,9.61
2017-08-02 23:00:00,DESN025,day,20.31,9.96
2017-08-03 23:00:00,DESN025,day,21.48,10.34
2017-08-04 23:00:00,DESN025,day,20.5,8.25
2017-08-05 23:00:00,DESN025,day,18.35,8.03
2017-08-06 23:00:00,DESN025,day,12.17,6.61
2017-08-07 23:00:00,DESN025,day,16.83,8.26
2017-08-08 23:00:00,DESN025,day,22.69,9.57
2017-08-09 23:00:00,DESN025,day,16.56,7.58
2017-08-10 23:00:00,DESN025,day,19.08,11.72
2017-08-11 23:00:00,DESN025,day,13.15,6.58
2017-08-12 23:00:00,DESN025,day,8.24,4.67
2017-08-13 23:00:00,DESN025,day,10.33,6.29
2017-08-14 23:00:00,DESN025,day,17.19,10.13
2017-08-15 23:00:00,DESN025,day,18.98,9.88
2017-08-16 23:00:00,DESN025,day,19.96,11.03
2017-08-17 23:00:00,DESN025,day,21.86,11.34
2017-08-18 23:00:00,DESN025,day,17.58,8.31
2017-08-19 23:00:00,DESN025,day,11.19,4.87
2017-08-20 23:00:00,DESN025,day,10.6,5.07
2017-08-21 23:00:00,DESN025,day,16.06,6.23
2017-08-22 23:00:00,DESN025,day,20.1,8.15
2017-08-23 23:00:00,DESN025,day,23.4,11.08
2017-08-24 23:00:00,DESN025,day,29.72,15.61
2017-08-25 23:00:00,DESN025,day,28.55,14.03
2017-08-26 23:00:00,DESN025,day,18.49,13.88
2017-08-27 23:00:00,DESN025,day,18.03,11.32
2017-08-28 23:00:00,DESN025,day,18.67,8.71
2017-08-29 23:00:00,DESN025,day,21.85,11.64
2017-08-30 23:00:00,DESN025,day,24.29,12.68
2017-08-31 23:00:00,DESN025,day,14.82,6.8
2017-09-01 23:00:00,DESN025,day,13.95,6.96
2017-09-02 23:00:00,DESN025,day,17.18,9.16
2017-09-03 23:00:00,DESN025,day,11.1,7.26
2017-09-04 23:00:00,DESN025,day,19.95,10.25
2017-09-05 23:00:00,DESN025,day,23.53,11.07
2017-09-06 23:00:00,DESN025,day,16.76,7.43
2017-09-07 23:00:00,DESN025,day,18.16,7.55
2017-09-08 23:00:00,DESN025,day,23.54,9.33
2017-09-09 23:00:00,DESN025,day,15.63,7.74
2017-09-10 23:00:00,DESN025,day,8.6,4.76
2017-09-11 23:00:00,DESN025,day,12.57,4.69
2017-09-12 23:00:00,DESN025,day,13.76,4.82
2017-09-13 23:00:00,DESN025,day,15.74,5.82
2017-09-14 23:00:00,DESN025,day,7.32,3.21
2017-09-15 23:00:00,DESN025,day,12.7,5.52
2017-09-16 23:00:00,DESN025,day,13.51,7.32
2017-09-17 23:00:00,DESN025,day,13.71,8.5
2017-09-19 23:00:00,DESN025,day,16.86,9.24
2017-09-20 23:00:00,DESN025,day,21.37,13.94
2017-09-21 23:00:00,DESN025,day,31.28,19.97
2017-09-22 23:00:00,DESN025,day,42.88,23.45
2017-09-23 23:00:00,DESN025,day,27.15,18.12
2017-09-24 23:00:00,DESN025,day,14.77,9.6
2017-09-25 23:00:00,DESN025,day,18.06,10.88
2017-09-26 23:00:00,DESN025,day,21.3,14.38
2017-09-27 23:00:00,DESN025,day,37.48,26.06
2017-09-28 23:00:00,DESN025,day,41.6,26.28
2017-09-29 23:00:00,DESN025,day,31.85,20.56
2017-09-30 23:00:00,DESN025,day,31.24,20.48
2017-10-01 23:00:00,DESN025,day,13.44,8.62
2017-10-02 23:00:00,DESN025,day,12.81,8.41
2017-10-03 23:00:00,DESN025,day,10.24,5.16
2017-10-04 23:00:00,DESN025,day,21.06,8.03
2017-10-05 23:00:00,DESN025,day,11.78,6.51
2017-10-06 23:00:00,DESN025,day,15.26,4.8
2017-10-07 23:00:00,DESN025,day,13.1,5.88
2017-10-08 23:00:00,DESN025,day,11.7,4.1
2017-10-09 23:00:00,DESN025,day,19.29,6.61
2017-10-10 23:00:00,DESN025,day,14.02,10.69
2017-10-11 23:00:00,DESN025,day,14.4,6.35
2017-10-12 23:00:00,DESN025,day,19.97,7.43
2017-10-13 23:00:00,DESN025,day,25.67,10.14
2017-10-14 23:00:00,DESN025,day,22.71,10.93
2017-10-15 23:00:00,DESN025,day,22.46,10.51
2017-10-16 23:00:00,DESN025,day,35.6,16.42
2017-10-17 23:00:00,DESN025,day,53.02,23.38
2017-10-18 23:00:00,DESN025,day,48.99,28.97
2017-10-19 23:00:00,DESN025,day,35.13,18.21
2017-10-20 23:00:00,DESN025,day,31.37,16.16
2017-10-21 23:00:00,DESN025,day,18.11,8.28
2017-10-22 23:00:00,DESN025,day,8.88,4.36
2017-10-23 23:00:00,DESN025,day,13.74,7.49
2017-10-24 23:00:00,DESN025,day,17.7,9.81
2017-10-25 23:00:00,DESN025,day,14.35,6.26
2017-10-26 23:00:00,DESN025,day,24.12,14.78
2017-10-27 23:00:00,DESN025,day,14.84,6.9
2017-10-28 23:00:00,DESN025,day,12.83,7.01
2017-10-29 23:00:00,DESN025,day,12.56,5.05
2017-10-30 23:00:00,DESN025,day,18.77,5.52
2017-10-31 23:00:00,DESN025,day,12.09,5.81
2017-11-01 23:00:00,DESN025,day,17.08,10.92
2017-11-02 23:00:00,DESN025,day,25.76,15.85
2017-11-03 23:00:00,DESN025,day,37.01,25.94
2017-11-04 23:00:00,DESN025,day,28.72,21.63
2017-11-05 23:00:00,DESN025,day,20.14,
2017-11-06 23:00:00,DESN025,day,21.49,12.16
2017-11-07 23:00:00,DESN025,day,23.82,14.94
2017-11-08 23:00:00,DESN025,day,46.76,37.42
2017-11-09 23:00:00,DESN025,day,58.1,48.03
2017-11-10 23:00:00,DESN025,day,18.41,13.43
2017-11-11 23:00:00,DESN025,day,11.7,6.43
2017-11-12 23:00:00,DESN025,day,11.07,6.66
2017-11-13 23:00:00,DESN025,day,19.75,11.34
2017-11-14 23:00:00,DESN025,day,23.28,11.0
2017-11-15 23:00:00,DESN025,day,20.51,12.93
2017-11-16 23:00:00,DESN025,day,28.12,17.39
2017-11-17 23:00:00,DESN025,day,32.71,17.02
2017-11-18 23:00:00,DESN025,day,20.22,13.72
2017-11-19 23:00:00,DESN025,day,8.67,4.93
2017-11-20 23:00:00,DESN025,day,9.42,5.33
2017-11-21 23:00:00,DESN025,day,9.49,5.4
2017-11-22 23:00:00,DESN025,day,14.04,9.33
2017-11-23 23:00:00,DESN025,day,19.8,9.76
2017-11-24 23:00:00,DESN025,day,19.56,10.05
2017-11-25 23:00:00,DESN025,day,8.1,6.06
2017-11-26 23:00:00,DESN025,day,11.98,7.79
2017-11-27 23:00:00,DESN025,day,11.86,5.4
2017-11-28 23:00:00,DESN025,day,10.48,5.08
2017-11-29 23:00:00,DESN025,day,25.11,14.4
2017-11-30 23:00:00,DESN025,day,32.29,21.56
2017-12-01 23:00:00,DESN025,day,44.73,27.77
2017-12-02 23:00:00,DESN025,day,42.06,28.44
2017-12-03 23:00:00,DESN025,day,20.16,15.6
2017-12-04 23:00:00,DESN025,day,14.71,9.25
2017-12-05 23:00:00,DESN025,day,17.77,11.53
2017-12-06 23:00:00,DESN025,day,21.5,14.07
2017-12-07 23:00:00,DESN025,day,20.07,12.21
2017-12-08 23:00:00,DESN025,day,12.54,7.15
2017-12-09 23:00:00,DESN025,day,14.48,7.95
2017-12-10 23:00:00,DESN025,day,11.07,6.26
2017-12-11 23:00:00,DESN025,day,10.34,6.29
2017-12-12 23:00:00,DESN025,day,11.01,4.62
2017-12-13 23:00:00,DESN025,day,14.9,8.36
2017-12-14 23:00:00,DESN025,day,8.53,4.11
2017-12-15 23:00:00,DESN025,day,23.79,13.12
2017-12-16 23:00:00,DESN025,day,24.96,17.9
2017-12-17 23:00:00,DESN025,day,11.56,7.1
2017-12-18 23:00:00,DESN025,day,27.84,
2017-12-19 23:00:00,DESN025,day,25.27,
2017-12-20 23:00:00,DESN025,day,23.93,
2017-12-21 23:00:00,DESN025,day,12.51,
2017-12-22 23:00:00,DESN025,day,27.15,
2017-12-23 23:00:00,DESN025,day,18.7,
2017-12-24 23:00:00,DESN025,day,6.09,
2017-12-25 23:00:00,DESN025,day,6.22,
2017-12-26 23:00:00,DESN025,day,9.38,
2017-12-27 23:00:00,DESN025,day,17.87,
2017-12-28 23:00:00,DESN025,day,17.44,
2017-12-29 23:00:00,DESN025,day,16.29,
2017-12-30 23:00:00,DESN025,day,13.54,
2017-12-31 23:00:00,DESN025,day,12.75,
2018-01-01 23:00:00,DESN025,day,20.62,13.41
2018-01-02 23:00:00,DESN025,day,9.82,4.37
2018-01-03 23:00:00,DESN025,day,6.64,3.66
2018-01-04 23:00:00,DESN025,day,14.83,5.92
2018-01-05 23:00:00,DESN025,day,19.05,5.44
2018-01-06 23:00:00,DESN025,day,23.57,10.31
2018-01-07 23:00:00,DESN025,day,10.57,8.04
2018-01-08 23:00:00,DESN025,day,22.01,18.05
2018-01-09 23:00:00,DESN025,day,34.58,25.78
2018-01-10 23:00:00,DESN025,day,44.82,21.9
2018-01-11 23:00:00,DESN025,day,43.23,29.17
2018-01-12 23:00:00,DESN025,day,43.18,28.45
2018-01-13 23:00:00,DESN025,day,28.98,21.43
2018-01-14 23:00:00,DESN025,day,26.69,22.47
2018-01-15 23:00:00,DESN025,day,19.38,12.58
2018-01-16 23:00:00,DESN025,day,7.74,4.1
2018-01-17 23:00:00,DESN025,day,11.8,5.16
2018-01-18 23:00:00,DESN025,day,10.02,4.86
2018-01-19 23:00:00,DESN025,day,18.75,9.29
2018-01-20 23:00:00,DESN025,day,18.18,12.21
2018-01-21 23:00:00,DESN025,day,33.29,26.93
2018-01-22 23:00:00,DESN025,day,17.63,12.96
2018-01-23 23:00:00,DESN025,day,20.95,11.83
2018-01-24 23:00:00,DESN025,day,13.1,6.56
2018-01-25 23:00:00,DESN025,day,17.34,9.35
2018-01-26 23:00:00,DESN025,day,19.81,14.38
2018-01-27 23:00:00,DESN025,day,41.15,26.56
2018-01-28 23:00:00,DESN025,day,8.24,5.14
2018-01-29 23:00:00,DESN025,day,8.44,3.74
2018-01-30 23:00:00,DESN025,day,15.29,6.3
2018-01-31 23:00:00,DESN025,day,12.96,6.66
